P,P,C,1B,2B,3B,SS,OF,OF,OF,,Instructions
,,,,,,,,,,,1. Locate the player you want to select in the list below 
,,,,,,,,,,,2. Copy the ID of your player (you can use the Name + ID column or the ID column) 
,,,,,,,,,,,3. Paste the ID into the roster position desired 
,,,,,,,,,,,4. You must include an ID for each player; you cannot use just the player's name 
,,,,,,,,,,,5. You can create up to 500 lineups per file 
 
,,,,,,,,,,,Position,Name + ID,Name,ID,Roster Position,Salary,Game Info,TeamAbbrev,AvgPointsPerGame
,,,,,,,,,,,SP,Chris Sale (43854626),Chris Sale,43854626,P,10300,ATL@MIN 08/17/2026 07:40PM ET,ATL,23.26
,,,,,,,,,,,SP,Tarik Skubal (43854627),Tarik Skubal,43854627,P,10000,LAD@COL 08/17/2026 08:40PM ET,LAD,21.76
,,,,,,,,,,,SP,Tyler Glasnow (43854628),Tyler Glasnow,43854628,P,10000,LAD@COL 08/17/2026 08:40PM ET,LAD,22.21
,,,,,,,,,,,SP,Yoshinobu Yamamoto (43854629),Yoshinobu Yamamoto,43854629,P,10000,LAD@COL 08/17/2026 08:40PM ET,LAD,22.05
,,,,,,,,,,,SP,Nolan McLean (43854269),Nolan McLean,43854269,P,9800,SD@NYM 08/17/2026 07:10PM ET,NYM,18.86
,,,,,,,,,,,SP,Troy Melton (43854630),Troy Melton,43854630,P,9500,DET@PIT 08/17/2026 07:05PM ET,DET,20.10
,,,,,,,,,,,SP,Payton Tolle (43854632),Payton Tolle,43854632,P,9300,ARI@BOS 08/17/2026 07:10PM ET,BOS,19.56
,,,,,,,,,,,SP,Garrett Crochet (43854633),Garrett Crochet,43854633,P,9300,ARI@BOS 08/17/2026 07:10PM ET,BOS,13.78
,,,,,,,,,,,SP,Spencer Schwellenbach (43854631),Spencer Schwellenbach,43854631,P,9300,ATL@MIN 08/17/2026 07:40PM ET,ATL,0
,,,,,,,,,,,SP,Paul Skenes (43854634),Paul Skenes,43854634,P,9300,DET@PIT 08/17/2026 07:05PM ET,PIT,18.07
,,,,,,,,,,,SP,Nick Pivetta (43854635),Nick Pivetta,43854635,P,9200,SD@NYM 08/17/2026 07:10PM ET,SD,15.3
,,,,,,,,,,,SP,Joe Ryan (43854636),Joe Ryan,43854636,P,9000,ATL@MIN 08/17/2026 07:40PM ET,MIN,16.49
,,,,,,,,,,,SP,Taj Bradley (43854637),Taj Bradley,43854637,P,9000,ATL@MIN 08/17/2026 07:40PM ET,MIN,17.35
,,,,,,,,,,,SP,Blake Snell (43854270),Blake Snell,43854270,P,9000,LAD@COL 08/17/2026 08:40PM ET,LAD,16.52
,,,,,,,,,,,SP,Michael Wacha (43854271),Michael Wacha,43854271,P,8800,ATH@KC 08/17/2026 07:40PM ET,KC,15.42
,,,,,,,,,,,SP,Cole Ragans (43854640),Cole Ragans,43854640,P,8800,ATH@KC 08/17/2026 07:40PM ET,KC,13.19
,,,,,,,,,,,SP,Sean Burke (43854638),Sean Burke,43854638,P,8800,CWS@CHC 08/17/2026 08:05PM ET,CWS,18.21
,,,,,,,,,,,SP,Tylor Megill (43854639),Tylor Megill,43854639,P,8800,SD@NYM 08/17/2026 07:10PM ET,NYM,0
,,,,,,,,,,,SP,Corbin Burnes (43854641),Corbin Burnes,43854641,P,8700,ARI@BOS 08/17/2026 07:10PM ET,ARI,0
,,,,,,,,,,,SP,Shota Imanaga (43854272),Shota Imanaga,43854272,P,8500,CWS@CHC 08/17/2026 08:05PM ET,CHC,16.33
,,,,,,,,,,,SP,Matthew Boyd (43854643),Matthew Boyd,43854643,P,8500,CWS@CHC 08/17/2026 08:05PM ET,CHC,14.40
,,,,,,,,,,,RP,Ben Brown (43854644),Ben Brown,43854644,P,8500,CWS@CHC 08/17/2026 08:05PM ET,CHC,11.57
,,,,,,,,,,,SP,Kevin Gausman (43854645),Kevin Gausman,43854645,P,8500,CWS@CHC 08/17/2026 08:05PM ET,CHC,14.53
,,,,,,,,,,,RP,Clay Holmes (43854646),Clay Holmes,43854646,P,8500,CWS@CHC 08/17/2026 08:05PM ET,CHC,16.64
,,,,,,,,,,,SP,Casey Mize (43854642),Casey Mize,43854642,P,8500,SD@NYM 08/17/2026 07:10PM ET,SD,15.87
,,,,,,,,,,,SP,Ranger Suarez (43854273),Ranger Suarez,43854273,P,8300,ARI@BOS 08/17/2026 07:10PM ET,BOS,15.35
,,,,,,,,,,,SP,Sonny Gray (43854647),Sonny Gray,43854647,P,8300,ARI@BOS 08/17/2026 07:10PM ET,BOS,18.27
,,,,,,,,,,,RP,Spencer Strider (43854649),Spencer Strider,43854649,P,8300,ATL@MIN 08/17/2026 07:40PM ET,ATL,14.67
,,,,,,,,,,,SP,Tyler Mahle (43854650),Tyler Mahle,43854650,P,8300,ATL@MIN 08/17/2026 07:40PM ET,ATL,13.51
,,,,,,,,,,,RP,Braxton Ashcraft (43854651),Braxton Ashcraft,43854651,P,8300,DET@PIT 08/17/2026 07:05PM ET,PIT,19.09
,,,,,,,,,,,SP,Zac Thornton (43854648),Zac Thornton,43854648,P,8300,SD@NYM 08/17/2026 07:10PM ET,NYM,14.18
,,,,,,,,,,,SP,Pablo Lopez (43854652),Pablo Lopez,43854652,P,8000,ATL@MIN 08/17/2026 07:40PM ET,MIN,0
,,,,,,,,,,,SP,Mick Abel (43854653),Mick Abel,43854653,P,8000,ATL@MIN 08/17/2026 07:40PM ET,MIN,14.19
,,,,,,,,,,,SP,Kris Bubic (43854654),Kris Bubic,43854654,P,8000,LAD@COL 08/17/2026 08:40PM ET,LAD,15.94
,,,,,,,,,,,SP,Justin Wrobleski (43854655),Justin Wrobleski,43854655,P,8000,LAD@COL 08/17/2026 08:40PM ET,LAD,16.28
,,,,,,,,,,,SP,Emmet Sheehan (43854656),Emmet Sheehan,43854656,P,8000,LAD@COL 08/17/2026 08:40PM ET,LAD,12.80
,,,,,,,,,,,SP,Roki Sasaki (43854658),Roki Sasaki,43854658,P,8000,LAD@COL 08/17/2026 08:40PM ET,LAD,13.66
,,,,,,,,,,,SP,Joe Musgrove (43854657),Joe Musgrove,43854657,P,8000,SD@NYM 08/17/2026 07:10PM ET,SD,0
,,,,,,,,,,,SP,Jake Bennett (43854663),Jake Bennett,43854663,P,7800,ARI@BOS 08/17/2026 07:10PM ET,BOS,15.44
,,,,,,,,,,,SP,Tony Gonsolin (43854665),Tony Gonsolin,43854665,P,7800,ATH@KC 08/17/2026 07:40PM ET,KC,0
,,,,,,,,,,,SP,Luis Castillo (43854274),Luis Castillo,43854274,P,7800,CWS@CHC 08/17/2026 08:05PM ET,CWS,11.48
,,,,,,,,,,,RP,David Sandlin (43854664),David Sandlin,43854664,P,7800,CWS@CHC 08/17/2026 08:05PM ET,CWS,10.5
,,,,,,,,,,,SP,Sean Manaea (43854659),Sean Manaea,43854659,P,7800,SD@NYM 08/17/2026 07:10PM ET,NYM,10.99
,,,,,,,,,,,SP,Robbie Ray (43854660),Robbie Ray,43854660,P,7800,SD@NYM 08/17/2026 07:10PM ET,SD,15.03
,,,,,,,,,,,RP,Michael King (43854661),Michael King,43854661,P,7800,SD@NYM 08/17/2026 07:10PM ET,SD,15.42
,,,,,,,,,,,SP,Christian Scott (43854662),Christian Scott,43854662,P,7800,SD@NYM 08/17/2026 07:10PM ET,NYM,15.57
,,,,,,,,,,,SP,Michael Soroka (43854666),Michael Soroka,43854666,P,7700,ARI@BOS 08/17/2026 07:10PM ET,ARI,17.11
,,,,,,,,,,,SP,Brandon Pfaadt (43854667),Brandon Pfaadt,43854667,P,7700,ARI@BOS 08/17/2026 07:10PM ET,ARI,10.23
,,,,,,,,,,,SP,Eduardo Rodriguez (43854668),Eduardo Rodriguez,43854668,P,7700,ARI@BOS 08/17/2026 07:10PM ET,ARI,15.90
,,,,,,,,,,,SP,Framber Valdez (43854275),Framber Valdez,43854275,P,7500,DET@PIT 08/17/2026 07:05PM ET,DET,12.29
,,,,,,,,,,,SP,Jackson Jobe (43854670),Jackson Jobe,43854670,P,7500,DET@PIT 08/17/2026 07:05PM ET,DET,9.55
,,,,,,,,,,,SP,David Peterson (43854669),David Peterson,43854669,P,7500,CWS@CHC 08/17/2026 08:05PM ET,CHC,9.56
,,,,,,,,,,,SP,Justin Steele (43854671),Justin Steele,43854671,P,7500,CWS@CHC 08/17/2026 08:05PM ET,CHC,0
,,,,,,,,,,,RP,Colin Rea (43854672),Colin Rea,43854672,P,7500,CWS@CHC 08/17/2026 08:05PM ET,CHC,10.45
,,,,,,,,,,,SP,Javier Assad (43854673),Javier Assad,43854673,P,7500,CWS@CHC 08/17/2026 08:05PM ET,CHC,9.09
,,,,,,,,,,,SP,Edward Cabrera (43854674),Edward Cabrera,43854674,P,7500,CWS@CHC 08/17/2026 08:05PM ET,CHC,10.83
,,,,,,,,,,,SP,Cade Horton (43854675),Cade Horton,43854675,P,7500,CWS@CHC 08/17/2026 08:05PM ET,CHC,10.45
,,,,,,,,,,,SP,Reese Olson (43854676),Reese Olson,43854676,P,7400,DET@PIT 08/17/2026 07:05PM ET,DET,0
,,,,,,,,,,,SP,Martin Perez (43854276),Martin Perez,43854276,P,7300,ATL@MIN 08/17/2026 07:40PM ET,ATL,12.47
,,,,,,,,,,,RP,Owen Murphy (43854677),Owen Murphy,43854677,P,7300,ATL@MIN 08/17/2026 07:40PM ET,ATL,5.2
,,,,,,,,,,,RP,Reynaldo Lopez (43854678),Reynaldo Lopez,43854678,P,7300,ATL@MIN 08/17/2026 07:40PM ET,ATL,8.04
,,,,,,,,,,,SP,Bryce Elder (43854681),Bryce Elder,43854681,P,7300,ATL@MIN 08/17/2026 07:40PM ET,ATL,14.36
,,,,,,,,,,,SP,JR Ritchie (43854682),JR Ritchie,43854682,P,7300,ATL@MIN 08/17/2026 07:40PM ET,ATL,9.08
,,,,,,,,,,,RP,AJ Smith-Shawver (43854683),AJ Smith-Shawver,43854683,P,7300,ATL@MIN 08/17/2026 07:40PM ET,ATL,10.15
,,,,,,,,,,,SP,Hurston Waldrep (43854684),Hurston Waldrep,43854684,P,7300,ATL@MIN 08/17/2026 07:40PM ET,ATL,2.33
,,,,,,,,,,,RP,Grant Holmes (43854685),Grant Holmes,43854685,P,7300,ATL@MIN 08/17/2026 07:40PM ET,ATL,12.06
,,,,,,,,,,,SP,Jack Flaherty (43854679),Jack Flaherty,43854679,P,7300,DET@PIT 08/17/2026 07:05PM ET,DET,12.89
,,,,,,,,,,,SP,Justin Verlander (43854680),Justin Verlander,43854680,P,7300,DET@PIT 08/17/2026 07:05PM ET,DET,-4.55
,,,,,,,,,,,SP,JP Sears (43854686),JP Sears,43854686,P,7200,SD@NYM 08/17/2026 07:10PM ET,SD,9.24
,,,,,,,,,,,SP,Keider Montero (43854688),Keider Montero,43854688,P,7100,DET@PIT 08/17/2026 07:05PM ET,DET,12.55
,,,,,,,,,,,SP,Lucas Giolito (43854687),Lucas Giolito,43854687,P,7100,SD@NYM 08/17/2026 07:10PM ET,SD,6.16
,,,,,,,,,,,SP,Bailey Ober (43854277),Bailey Ober,43854277,P,7000,ATL@MIN 08/17/2026 07:40PM ET,MIN,11.85
,,,,,,,,,,,SP,Zebby Matthews (43854689),Zebby Matthews,43854689,P,7000,ATL@MIN 08/17/2026 07:40PM ET,MIN,12.45
,,,,,,,,,,,SP,Connor Prielipp (43854690),Connor Prielipp,43854690,P,7000,ATL@MIN 08/17/2026 07:40PM ET,MIN,12.80
,,,,,,,,,,,RP,Kendry Rojas (43854691),Kendry Rojas,43854691,P,7000,ATL@MIN 08/17/2026 07:40PM ET,MIN,7.43
,,,,,,,,,,,RP,Jack Anderson (43854692),Jack Anderson,43854692,P,7000,ATL@MIN 08/17/2026 07:40PM ET,MIN,5.99
,,,,,,,,,,,SP,Dean Kremer (43854701),Dean Kremer,43854701,P,7000,ATL@MIN 08/17/2026 07:40PM ET,MIN,13.22
,,,,,,,,,,,1B/OF,Shohei Ohtani (43854283),Shohei Ohtani,43854283,1B/OF,7000,LAD@COL 08/17/2026 08:40PM ET,LAD,9.45
,,,,,,,,,,,RP,Eric Lauer (43854693),Eric Lauer,43854693,P,7000,LAD@COL 08/17/2026 08:40PM ET,LAD,10.40
,,,,,,,,,,,SP,Gavin Stone (43854694),Gavin Stone,43854694,P,7000,LAD@COL 08/17/2026 08:40PM ET,LAD,0
,,,,,,,,,,,SP,Bobby Miller (43854695),Bobby Miller,43854695,P,7000,LAD@COL 08/17/2026 08:40PM ET,LAD,0
,,,,,,,,,,,SP,Landon Knack (43854696),Landon Knack,43854696,P,7000,LAD@COL 08/17/2026 08:40PM ET,LAD,4.22
,,,,,,,,,,,SP,Gage Jump (43854697),Gage Jump,43854697,P,7000,ATH@KC 08/17/2026 07:40PM ET,ATH,14.53
,,,,,,,,,,,RP,J.T. Ginn (43854698),J.T. Ginn,43854698,P,7000,ATH@KC 08/17/2026 07:40PM ET,ATH,13.94
,,,,,,,,,,,SP,Luis Morales (43854699),Luis Morales,43854699,P,7000,ATH@KC 08/17/2026 07:40PM ET,ATH,-2.24
,,,,,,,,,,,SP,Luis Severino (43854700),Luis Severino,43854700,P,7000,ATH@KC 08/17/2026 07:40PM ET,ATH,13.72
,,,,,,,,,,,SP,Tanner Houck (43854708),Tanner Houck,43854708,P,6800,ARI@BOS 08/17/2026 07:10PM ET,BOS,0
,,,,,,,,,,,SP,Kutter Crawford (43854709),Kutter Crawford,43854709,P,6800,ARI@BOS 08/17/2026 07:10PM ET,BOS,0
,,,,,,,,,,,SP,Patrick Sandoval (43854714),Patrick Sandoval,43854714,P,6800,ARI@BOS 08/17/2026 07:10PM ET,BOS,10.87
,,,,,,,,,,,SP,Brayan Bello (43854715),Brayan Bello,43854715,P,6800,ARI@BOS 08/17/2026 07:10PM ET,BOS,9.36
,,,,,,,,,,,RP,Seth Lugo (43854705),Seth Lugo,43854705,P,6800,ATH@KC 08/17/2026 07:40PM ET,KC,11.52
,,,,,,,,,,,RP,Stephen Kolek (43854710),Stephen Kolek,43854710,P,6800,ATH@KC 08/17/2026 07:40PM ET,KC,11.51
,,,,,,,,,,,SP,Noah Cameron (43854713),Noah Cameron,43854713,P,6800,ATH@KC 08/17/2026 07:40PM ET,KC,15.21
,,,,,,,,,,,RP,Randy Dobnak (43854716),Randy Dobnak,43854716,P,6800,ATH@KC 08/17/2026 07:40PM ET,KC,12.92
,,,,,,,,,,,SP,Erick Fedde (43854702),Erick Fedde,43854702,P,6800,CWS@CHC 08/17/2026 08:05PM ET,CWS,8.46
,,,,,,,,,,,RP,Mike Vasil (43854703),Mike Vasil,43854703,P,6800,CWS@CHC 08/17/2026 08:05PM ET,CWS,0
,,,,,,,,,,,SP,Davis Martin (43854704),Davis Martin,43854704,P,6800,CWS@CHC 08/17/2026 08:05PM ET,CWS,13.09
,,,,,,,,,,,SP,Noah Schultz (43854706),Noah Schultz,43854706,P,6800,CWS@CHC 08/17/2026 08:05PM ET,CWS,8.56
,,,,,,,,,,,RP,Anthony Kay (43854707),Anthony Kay,43854707,P,6800,CWS@CHC 08/17/2026 08:05PM ET,CWS,11.38
,,,,,,,,,,,RP,Shane Smith (43854711),Shane Smith,43854711,P,6800,CWS@CHC 08/17/2026 08:05PM ET,CWS,2.52
,,,,,,,,,,,SP,Jonathan Cannon (43854712),Jonathan Cannon,43854712,P,6800,CWS@CHC 08/17/2026 08:05PM ET,CWS,-3.8
,,,,,,,,,,,SP,Mitch Bratt (43854278),Mitch Bratt,43854278,P,6700,ARI@BOS 08/17/2026 07:10PM ET,ARI,10.42
,,,,,,,,,,,SP,Merrill Kelly (43854717),Merrill Kelly,43854717,P,6700,ARI@BOS 08/17/2026 07:10PM ET,ARI,10.22
,,,,,,,,,,,SP,Ryne Nelson (43854718),Ryne Nelson,43854718,P,6700,ARI@BOS 08/17/2026 07:10PM ET,ARI,11.11
,,,,,,,,,,,RP,Kohl Drake (43854719),Kohl Drake,43854719,P,6700,ARI@BOS 08/17/2026 07:10PM ET,ARI,6.52
,,,,,,,,,,,RP,Drew Anderson (43854726),Drew Anderson,43854726,P,6500,DET@PIT 08/17/2026 07:05PM ET,DET,5.39
,,,,,,,,,,,OF,Pete Crow-Armstrong (43854285),Pete Crow-Armstrong,43854285,OF,6500,CWS@CHC 08/17/2026 08:05PM ET,CHC,10.36
,,,,,,,,,,,SP,Jordan Wicks (43854722),Jordan Wicks,43854722,P,6500,CWS@CHC 08/17/2026 08:05PM ET,CHC,0.66
,,,,,,,,,,,RP,Aaron Civale (43854723),Aaron Civale,43854723,P,6500,CWS@CHC 08/17/2026 08:05PM ET,CHC,7.82
,,,,,,,,,,,RP,Ethan Roberts (43854724),Ethan Roberts,43854724,P,6500,CWS@CHC 08/17/2026 08:05PM ET,CHC,1.93
,,,,,,,,,,,SP,Braxton Garrett (43854725),Braxton Garrett,43854725,P,6500,CWS@CHC 08/17/2026 08:05PM ET,CHC,-1.62
,,,,,,,,,,,SP,Walker Buehler (43854279),Walker Buehler,43854279,P,6500,SD@NYM 08/17/2026 07:10PM ET,SD,10.85
,,,,,,,,,,,SP,Griffin Canning (43854720),Griffin Canning,43854720,P,6500,SD@NYM 08/17/2026 07:10PM ET,SD,6.93
,,,,,,,,,,,SP,Kyle Hart (43854721),Kyle Hart,43854721,P,6500,SD@NYM 08/17/2026 07:10PM ET,SD,3.74
,,,,,,,,,,,RP,Jhony Brito (43854727),Jhony Brito,43854727,P,6400,SD@NYM 08/17/2026 07:10PM ET,SD,4.33
,,,,,,,,,,,SP,Carmen Mlodzinski (43854280),Carmen Mlodzinski,43854280,P,6300,DET@PIT 08/17/2026 07:05PM ET,PIT,8.61
,,,,,,,,,,,SP,Bubba Chandler (43854728),Bubba Chandler,43854728,P,6300,DET@PIT 08/17/2026 07:05PM ET,PIT,12.27
,,,,,,,,,,,RP,Mike Clevinger (43854729),Mike Clevinger,43854729,P,6300,DET@PIT 08/17/2026 07:05PM ET,PIT,0
,,,,,,,,,,,RP,Wilber Dotel (43854730),Wilber Dotel,43854730,P,6300,DET@PIT 08/17/2026 07:05PM ET,PIT,5.1
,,,,,,,,,,,RP,Lake Bachar (43854731),Lake Bachar,43854731,P,6300,DET@PIT 08/17/2026 07:05PM ET,PIT,4.71
,,,,,,,,,,,RP,Antwone Kelly (43854732),Antwone Kelly,43854732,P,6300,DET@PIT 08/17/2026 07:05PM ET,PIT,2.43
,,,,,,,,,,,RP,Thomas Harrington (43854733),Thomas Harrington,43854733,P,6300,DET@PIT 08/17/2026 07:05PM ET,PIT,0
,,,,,,,,,,,SP,Mitch Keller (43854734),Mitch Keller,43854734,P,6300,DET@PIT 08/17/2026 07:05PM ET,PIT,10.28
,,,,,,,,,,,RP,Hunter Barco (43854735),Hunter Barco,43854735,P,6300,DET@PIT 08/17/2026 07:05PM ET,PIT,2.31
,,,,,,,,,,,SP,Jared Jones (43854736),Jared Jones,43854736,P,6300,DET@PIT 08/17/2026 07:05PM ET,PIT,12.9
,,,,,,,,,,,1B,Freddie Freeman (43854286),Freddie Freeman,43854286,1B,6200,LAD@COL 08/17/2026 08:40PM ET,LAD,7.79
,,,,,,,,,,,SP,David Festa (43854737),David Festa,43854737,P,6000,ATL@MIN 08/17/2026 07:40PM ET,MIN,0
,,,,,,,,,,,RP,Yoendrys Gomez (43854738),Yoendrys Gomez,43854738,P,6000,ATL@MIN 08/17/2026 07:40PM ET,MIN,2.86
,,,,,,,,,,,RP,Marco Raya (43854739),Marco Raya,43854739,P,6000,ATL@MIN 08/17/2026 07:40PM ET,MIN,4.23
,,,,,,,,,,,RP,Mike Paredes (43854740),Mike Paredes,43854740,P,6000,ATL@MIN 08/17/2026 07:40PM ET,MIN,5.34
,,,,,,,,,,,SP,Mason Barnett (43854281),Mason Barnett,43854281,P,6000,ATH@KC 08/17/2026 07:40PM ET,ATH,4.43
,,,,,,,,,,,SS,Bobby Witt Jr. (43854287),Bobby Witt Jr.,43854287,SS,6000,ATH@KC 08/17/2026 07:40PM ET,KC,9.17
,,,,,,,,,,,SP,Kade Morris (43854741),Kade Morris,43854741,P,6000,ATH@KC 08/17/2026 07:40PM ET,ATH,-2.17
,,,,,,,,,,,RP,Seth Johnson (43854742),Seth Johnson,43854742,P,6000,ATH@KC 08/17/2026 07:40PM ET,ATH,2.25
,,,,,,,,,,,SP,Luis Medina (43854743),Luis Medina,43854743,P,6000,ATH@KC 08/17/2026 07:40PM ET,ATH,4.28
,,,,,,,,,,,RP,Yunior Tur (43854744),Yunior Tur,43854744,P,6000,ATH@KC 08/17/2026 07:40PM ET,ATH,-7.63
,,,,,,,,,,,RP,Jose Suarez (43854745),Jose Suarez,43854745,P,6000,ATH@KC 08/17/2026 07:40PM ET,ATH,3.18
,,,,,,,,,,,SP,Gunnar Hoglund (43854746),Gunnar Hoglund,43854746,P,6000,ATH@KC 08/17/2026 07:40PM ET,ATH,0
,,,,,,,,,,,RP,Jeffrey Springs (43854747),Jeffrey Springs,43854747,P,6000,ATH@KC 08/17/2026 07:40PM ET,ATH,8.44
,,,,,,,,,,,RP,Jack Perkins (43854748),Jack Perkins,43854748,P,6000,ATH@KC 08/17/2026 07:40PM ET,ATH,5.81
,,,,,,,,,,,RP,Joey Estes (43854749),Joey Estes,43854749,P,6000,ATH@KC 08/17/2026 07:40PM ET,ATH,6.15
,,,,,,,,,,,RP,Jacob Lopez (43854750),Jacob Lopez,43854750,P,6000,ATH@KC 08/17/2026 07:40PM ET,ATH,9.76
,,,,,,,,,,,C,Hunter Goodman (43854288),Hunter Goodman,43854288,C,5900,LAD@COL 08/17/2026 08:40PM ET,COL,8.78
,,,,,,,,,,,SP,Randy Vasquez (43854751),Randy Vasquez,43854751,P,5900,SD@NYM 08/17/2026 07:10PM ET,SD,9.32
,,,,,,,,,,,RP,Eduardo Rivera (43854763),Eduardo Rivera,43854763,P,5800,ARI@BOS 08/17/2026 07:10PM ET,BOS,5.02
,,,,,,,,,,,SP,Johan Oviedo (43854764),Johan Oviedo,43854764,P,5800,ARI@BOS 08/17/2026 07:10PM ET,BOS,1.45
,,,,,,,,,,,OF,Ronald Acuna Jr. (43854289),Ronald Acuna Jr.,43854289,OF,5800,ATL@MIN 08/17/2026 07:40PM ET,ATL,8.86
,,,,,,,,,,,RP,Joey Wentz (43854772),Joey Wentz,43854772,P,5800,ATL@MIN 08/17/2026 07:40PM ET,ATL,0
,,,,,,,,,,,RP,Victor Mederos (43854773),Victor Mederos,43854773,P,5800,ATL@MIN 08/17/2026 07:40PM ET,ATL,4.28
,,,,,,,,,,,RP,Didier Fuentes (43854774),Didier Fuentes,43854774,P,5800,ATL@MIN 08/17/2026 07:40PM ET,ATL,4.85
,,,,,,,,,,,SP,Alec Marsh (43854752),Alec Marsh,43854752,P,5800,ATH@KC 08/17/2026 07:40PM ET,KC,0
,,,,,,,,,,,SP,Ben Kudrna (43854753),Ben Kudrna,43854753,P,5800,ATH@KC 08/17/2026 07:40PM ET,KC,0
,,,,,,,,,,,RP,Connor Thomas (43854754),Connor Thomas,43854754,P,5800,ATH@KC 08/17/2026 07:40PM ET,KC,-10.18
,,,,,,,,,,,RP,Ryan Bergert (43854755),Ryan Bergert,43854755,P,5800,ATH@KC 08/17/2026 07:40PM ET,KC,0
,,,,,,,,,,,RP,Luinder Avila (43854758),Luinder Avila,43854758,P,5800,ATH@KC 08/17/2026 07:40PM ET,KC,6.98
,,,,,,,,,,,RP,Mitch Spence (43854759),Mitch Spence,43854759,P,5800,ATH@KC 08/17/2026 07:40PM ET,KC,-9.27
,,,,,,,,,,,RP,Mason Black (43854760),Mason Black,43854760,P,5800,ATH@KC 08/17/2026 07:40PM ET,KC,3.47
,,,,,,,,,,,RP,Daniel Lynch IV (43854761),Daniel Lynch IV,43854761,P,5800,ATH@KC 08/17/2026 07:40PM ET,KC,3.02
,,,,,,,,,,,RP,Grant Taylor (43854756),Grant Taylor,43854756,P,5800,CWS@CHC 08/17/2026 08:05PM ET,CWS,5.49
,,,,,,,,,,,RP,Trevor Richards (43854757),Trevor Richards,43854757,P,5800,CWS@CHC 08/17/2026 08:05PM ET,CWS,4.12
,,,,,,,,,,,RP,Jose Urquidy (43854762),Jose Urquidy,43854762,P,5800,CWS@CHC 08/17/2026 08:05PM ET,CWS,2.22
,,,,,,,,,,,RP,Robert Stock (43854765),Robert Stock,43854765,P,5800,SD@NYM 08/17/2026 07:10PM ET,NYM,6.92
,,,,,,,,,,,RP,Justin Hagenman (43854766),Justin Hagenman,43854766,P,5800,SD@NYM 08/17/2026 07:10PM ET,NYM,0
,,,,,,,,,,,SP,Tobias Myers (43854767),Tobias Myers,43854767,P,5800,SD@NYM 08/17/2026 07:10PM ET,NYM,2.58
,,,,,,,,,,,RP,Xzavion Curry (43854768),Xzavion Curry,43854768,P,5800,SD@NYM 08/17/2026 07:10PM ET,NYM,4.77
,,,,,,,,,,,RP,Chayce McDermott (43854769),Chayce McDermott,43854769,P,5800,SD@NYM 08/17/2026 07:10PM ET,NYM,3.14
,,,,,,,,,,,SP,Kodai Senga (43854770),Kodai Senga,43854770,P,5800,SD@NYM 08/17/2026 07:10PM ET,NYM,5.26
,,,,,,,,,,,SP,Jonah Tong (43854771),Jonah Tong,43854771,P,5800,SD@NYM 08/17/2026 07:10PM ET,NYM,7.83
,,,,,,,,,,,SP,Dylan Ray (43854775),Dylan Ray,43854775,P,5700,ARI@BOS 08/17/2026 07:10PM ET,ARI,0
,,,,,,,,,,,RP,Gerardo Carrillo (43854776),Gerardo Carrillo,43854776,P,5700,ARI@BOS 08/17/2026 07:10PM ET,ARI,7.22
,,,,,,,,,,,SP,Cristian Mena (43854777),Cristian Mena,43854777,P,5700,ARI@BOS 08/17/2026 07:10PM ET,ARI,0
,,,,,,,,,,,SP,Zac Gallen (43854778),Zac Gallen,43854778,P,5700,ARI@BOS 08/17/2026 07:10PM ET,ARI,6.44
,,,,,,,,,,,SP,Jose Cabrera (43854779),Jose Cabrera,43854779,P,5700,ARI@BOS 08/17/2026 07:10PM ET,ARI,6.09
,,,,,,,,,,,RP,Zack Littell (43854780),Zack Littell,43854780,P,5700,ARI@BOS 08/17/2026 07:10PM ET,ARI,9.21
,,,,,,,,,,,3B,Max Muncy (43854290),Max Muncy,43854290,3B,5700,LAD@COL 08/17/2026 08:40PM ET,LAD,7.44
,,,,,,,,,,,OF,Juan Soto (43854503),Juan Soto,43854503,OF,5700,SD@NYM 08/17/2026 07:10PM ET,NYM,9.27
,,,,,,,,,,,OF,Andy Pages (43854291),Andy Pages,43854291,OF,5600,LAD@COL 08/17/2026 08:40PM ET,LAD,8.44
,,,,,,,,,,,SP,Tomoyuki Sugano (43854282),Tomoyuki Sugano,43854282,P,5500,LAD@COL 08/17/2026 08:40PM ET,COL,11.08
,,,,,,,,,,,RP,Zach Agnos (43854784),Zach Agnos,43854784,P,5500,LAD@COL 08/17/2026 08:40PM ET,COL,3.10
,,,,,,,,,,,SP,Chase Dollander (43854785),Chase Dollander,43854785,P,5500,LAD@COL 08/17/2026 08:40PM ET,COL,13.1
,,,,,,,,,,,SP,Ryan Feltner (43854786),Ryan Feltner,43854786,P,5500,LAD@COL 08/17/2026 08:40PM ET,COL,8.43
,,,,,,,,,,,SP,Kyle Freeland (43854787),Kyle Freeland,43854787,P,5500,LAD@COL 08/17/2026 08:40PM ET,COL,9.13
,,,,,,,,,,,RP,Gabriel Hughes (43854788),Gabriel Hughes,43854788,P,5500,LAD@COL 08/17/2026 08:40PM ET,COL,7.79
,,,,,,,,,,,RP,Tanner Gordon (43854789),Tanner Gordon,43854789,P,5500,LAD@COL 08/17/2026 08:40PM ET,COL,7.85
,,,,,,,,,,,SP,Pierson Ohl (43854790),Pierson Ohl,43854790,P,5500,LAD@COL 08/17/2026 08:40PM ET,COL,0
,,,,,,,,,,,SP,Sean Sullivan (43854791),Sean Sullivan,43854791,P,5500,LAD@COL 08/17/2026 08:40PM ET,COL,1.89
,,,,,,,,,,,RP,Jose Quintana (43854792),Jose Quintana,43854792,P,5500,LAD@COL 08/17/2026 08:40PM ET,COL,6.05
,,,,,,,,,,,SP,Michael Lorenzen (43854793),Michael Lorenzen,43854793,P,5500,LAD@COL 08/17/2026 08:40PM ET,COL,4.48
,,,,,,,,,,,C,Dillon Dingler (43854292),Dillon Dingler,43854292,C,5500,DET@PIT 08/17/2026 07:05PM ET,DET,8.36
,,,,,,,,,,,RP,Yilber Diaz (43854781),Yilber Diaz,43854781,P,5500,DET@PIT 08/17/2026 07:05PM ET,DET,-5.12
,,,,,,,,,,,RP,Ty Madden (43854782),Ty Madden,43854782,P,5500,DET@PIT 08/17/2026 07:05PM ET,DET,7.83
,,,,,,,,,,,RP,Sawyer Gipson-Long (43854783),Sawyer Gipson-Long,43854783,P,5500,DET@PIT 08/17/2026 07:05PM ET,DET,0
,,,,,,,,,,,OF,Seiya Suzuki (43854293),Seiya Suzuki,43854293,OF,5500,CWS@CHC 08/17/2026 08:05PM ET,CHC,8.83
,,,,,,,,,,,OF,Mickey Moniak (43854294),Mickey Moniak,43854294,OF,5400,LAD@COL 08/17/2026 08:40PM ET,COL,7.65
,,,,,,,,,,,1B,Munetaka Murakami (43854295),Munetaka Murakami,43854295,1B,5400,CWS@CHC 08/17/2026 08:05PM ET,CWS,9.38
,,,,,,,,,,,OF,Fernando Tatis Jr. (43854296),Fernando Tatis Jr.,43854296,OF,5400,SD@NYM 08/17/2026 07:10PM ET,SD,8.61
,,,,,,,,,,,OF,Corbin Carroll (43854297),Corbin Carroll,43854297,OF,5300,ARI@BOS 08/17/2026 07:10PM ET,ARI,8.92
,,,,,,,,,,,1B,Matt Olson (43854299),Matt Olson,43854299,1B,5300,ATL@MIN 08/17/2026 07:40PM ET,ATL,9.29
,,,,,,,,,,,OF,Jake McCarthy (43854298),Jake McCarthy,43854298,OF,5300,LAD@COL 08/17/2026 08:40PM ET,COL,8.50
,,,,,,,,,,,OF,Byron Buxton (43854300),Byron Buxton,43854300,OF,5200,ATL@MIN 08/17/2026 07:40PM ET,MIN,9.16
,,,,,,,,,,,OF,Tyler Soderstrom (43854301),Tyler Soderstrom,43854301,OF,5200,ATH@KC 08/17/2026 07:40PM ET,ATH,7.69
,,,,,,,,,,,OF,Oneil Cruz (43854504),Oneil Cruz,43854504,OF,5200,DET@PIT 08/17/2026 07:05PM ET,PIT,10.39
,,,,,,,,,,,1B/3B,Miguel Vargas (43854302),Miguel Vargas,43854302,1B/3B,5200,CWS@CHC 08/17/2026 08:05PM ET,CWS,9.10
,,,,,,,,,,,OF,Wilyer Abreu (43854306),Wilyer Abreu,43854306,OF,5100,ARI@BOS 08/17/2026 07:10PM ET,BOS,8.26
,,,,,,,,,,,OF,Kyle Tucker (43854305),Kyle Tucker,43854305,OF,5100,LAD@COL 08/17/2026 08:40PM ET,LAD,6.97
,,,,,,,,,,,2B,Brandon Lowe (43854304),Brandon Lowe,43854304,2B,5100,DET@PIT 08/17/2026 07:05PM ET,PIT,8.53
,,,,,,,,,,,C,Drake Baldwin (43854310),Drake Baldwin,43854310,C,5000,ATL@MIN 08/17/2026 07:40PM ET,ATL,8.50
,,,,,,,,,,,1B,Jac Caglianone (43854307),Jac Caglianone,43854307,1B,5000,ATH@KC 08/17/2026 07:40PM ET,KC,7.49
,,,,,,,,,,,3B/SS,Kevin McGonigle (43854308),Kevin McGonigle,43854308,3B/SS,5000,DET@PIT 08/17/2026 07:05PM ET,DET,8.37
,,,,,,,,,,,SS,Mookie Betts (43854311),Mookie Betts,43854311,SS,4900,LAD@COL 08/17/2026 08:40PM ET,LAD,6.86
,,,,,,,,,,,OF,Bryan Reynolds (43854313),Bryan Reynolds,43854313,OF,4900,DET@PIT 08/17/2026 07:05PM ET,PIT,8.32
,,,,,,,,,,,3B,Alex Bregman (43854312),Alex Bregman,43854312,3B,4900,CWS@CHC 08/17/2026 08:05PM ET,CHC,7.69
,,,,,,,,,,,2B,Ketel Marte (43854316),Ketel Marte,43854316,2B,4800,ARI@BOS 08/17/2026 07:10PM ET,ARI,7.92
,,,,,,,,,,,OF/SS,Cole Carrigg (43854314),Cole Carrigg,43854314,SS/OF,4800,LAD@COL 08/17/2026 08:40PM ET,COL,8.38
,,,,,,,,,,,1B,TJ Rumfield (43854317),TJ Rumfield,43854317,1B,4800,LAD@COL 08/17/2026 08:40PM ET,COL,7.19
,,,,,,,,,,,1B,Willson Contreras (43854318),Willson Contreras,43854318,1B,4700,ARI@BOS 08/17/2026 07:10PM ET,BOS,8.55
,,,,,,,,,,,C,Ryan Jeffers (43854319),Ryan Jeffers,43854319,C,4700,ATL@MIN 08/17/2026 07:40PM ET,MIN,8.24
,,,,,,,,,,,2B/OF,Tommy Edman (43854320),Tommy Edman,43854320,2B/OF,4700,LAD@COL 08/17/2026 08:40PM ET,LAD,6.63
,,,,,,,,,,,1B,Nick Kurtz (43854505),Nick Kurtz,43854505,1B,4700,ATH@KC 08/17/2026 07:40PM ET,ATH,9.22
,,,,,,,,,,,3B,Manny Machado (43854322),Manny Machado,43854322,3B,4700,SD@NYM 08/17/2026 07:10PM ET,SD,7.19
,,,,,,,,,,,2B/OF,Kody Clemens (43854325),Kody Clemens,43854325,2B/OF,4600,ATL@MIN 08/17/2026 07:40PM ET,MIN,7.5
,,,,,,,,,,,OF,Teoscar Hernandez (43854323),Teoscar Hernandez,43854323,OF,4600,LAD@COL 08/17/2026 08:40PM ET,LAD,6.5
,,,,,,,,,,,C,Eduardo Valencia (43854324),Eduardo Valencia,43854324,C,4600,DET@PIT 08/17/2026 07:05PM ET,DET,9.42
,,,,,,,,,,,OF,Ceddanne Rafaela (43854328),Ceddanne Rafaela,43854328,OF,4500,ARI@BOS 08/17/2026 07:10PM ET,BOS,8.15
,,,,,,,,,,,OF,Michael Harris II (43854333),Michael Harris II,43854333,OF,4500,ATL@MIN 08/17/2026 07:40PM ET,ATL,7.72
,,,,,,,,,,,1B/2B,Royce Lewis (43854334),Royce Lewis,43854334,1B/2B,4500,ATL@MIN 08/17/2026 07:40PM ET,MIN,7.59
,,,,,,,,,,,C,Will Smith (43854506),Will Smith,43854506,C,4500,LAD@COL 08/17/2026 08:40PM ET,LAD,6.21
,,,,,,,,,,,C,Carter Jensen (43854327),Carter Jensen,43854327,C,4500,ATH@KC 08/17/2026 07:40PM ET,KC,6.49
,,,,,,,,,,,3B/OF,Zack Gelof (43854330),Zack Gelof,43854330,3B/OF,4500,ATH@KC 08/17/2026 07:40PM ET,ATH,7.94
,,,,,,,,,,,1B,Michael Busch (43854332),Michael Busch,43854332,1B,4500,CWS@CHC 08/17/2026 08:05PM ET,CHC,7.26
,,,,,,,,,,,SS,Francisco Lindor (43854329),Francisco Lindor,43854329,SS,4500,SD@NYM 08/17/2026 07:10PM ET,NYM,7.90
,,,,,,,,,,,OF,Roman Anthony (43854507),Roman Anthony,43854507,OF,4400,ARI@BOS 08/17/2026 07:10PM ET,BOS,6.1
,,,,,,,,,,,2B/3B,Willi Castro (43854336),Willi Castro,43854336,2B/3B,4400,LAD@COL 08/17/2026 08:40PM ET,COL,7.18
,,,,,,,,,,,1B/C,Endy Rodriguez (43854508),Endy Rodriguez,43854508,C/1B,4400,DET@PIT 08/17/2026 07:05PM ET,PIT,7.22
,,,,,,,,,,,C,Gabriel Moreno (43854342),Gabriel Moreno,43854342,C,4300,ARI@BOS 08/17/2026 07:10PM ET,ARI,8.02
,,,,,,,,,,,C,Dalton Rushing (43854512),Dalton Rushing,43854512,C,4300,LAD@COL 08/17/2026 08:40PM ET,LAD,6.39
,,,,,,,,,,,C,Shea Langeliers (43854511),Shea Langeliers,43854511,C,4300,ATH@KC 08/17/2026 07:40PM ET,ATH,8.56
,,,,,,,,,,,OF,Riley Greene (43854510),Riley Greene,43854510,OF,4300,DET@PIT 08/17/2026 07:05PM ET,DET,7.59
,,,,,,,,,,,1B,Ryan O'Hearn (43854513),Ryan O'Hearn,43854513,1B,4300,DET@PIT 08/17/2026 07:05PM ET,PIT,7.95
,,,,,,,,,,,2B,Nico Hoerner (43854338),Nico Hoerner,43854338,2B,4300,CWS@CHC 08/17/2026 08:05PM ET,CHC,7.31
,,,,,,,,,,,OF,Ian Happ (43854341),Ian Happ,43854341,OF,4300,CWS@CHC 08/17/2026 08:05PM ET,CHC,7.29
,,,,,,,,,,,3B/SS,Colson Montgomery (43854343),Colson Montgomery,43854343,3B/SS,4300,CWS@CHC 08/17/2026 08:05PM ET,CWS,7.36
,,,,,,,,,,,3B,Bo Bichette (43854339),Bo Bichette,43854339,3B,4300,SD@NYM 08/17/2026 07:10PM ET,NYM,6.84
,,,,,,,,,,,OF,Jackson Merrill (43854340),Jackson Merrill,43854340,OF,4300,SD@NYM 08/17/2026 07:10PM ET,SD,7.98
,,,,,,,,,,,2B,Ozzie Albies (43854346),Ozzie Albies,43854346,2B,4200,ATL@MIN 08/17/2026 07:40PM ET,ATL,7.35
,,,,,,,,,,,SS,Jacob Wilson (43854345),Jacob Wilson,43854345,SS,4200,ATH@KC 08/17/2026 07:40PM ET,ATH,6.74
,,,,,,,,,,,3B/SS,Maikel Garcia (43854514),Maikel Garcia,43854514,3B/SS,4200,ATH@KC 08/17/2026 07:40PM ET,KC,6.84
,,,,,,,,,,,SS,Geraldo Perdomo (43854349),Geraldo Perdomo,43854349,SS,4100,ARI@BOS 08/17/2026 07:10PM ET,ARI,7.39
,,,,,,,,,,,2B,Gleyber Torres (43854347),Gleyber Torres,43854347,2B,4100,DET@PIT 08/17/2026 07:05PM ET,DET,7.73
,,,,,,,,,,,OF,Esmerlyn Valdez (43854348),Esmerlyn Valdez,43854348,OF,4100,DET@PIT 08/17/2026 07:05PM ET,PIT,8.73
,,,,,,,,,,,C,Adley Rutschman (43854354),Adley Rutschman,43854354,C,4000,ARI@BOS 08/17/2026 07:10PM ET,BOS,7.17
,,,,,,,,,,,3B,Nolan Arenado (43854356),Nolan Arenado,43854356,3B,4000,ARI@BOS 08/17/2026 07:10PM ET,ARI,7.09
,,,,,,,,,,,2B/3B,Curtis Mead (43854517),Curtis Mead,43854517,2B/3B,4000,ARI@BOS 08/17/2026 07:10PM ET,BOS,7.80
,,,,,,,,,,,RP,Raymond Burgos (43854804),Raymond Burgos,43854804,P,4000,ARI@BOS 08/17/2026 07:10PM ET,BOS,7.83
,,,,,,,,,,,RP,Blake Walston (43854810),Blake Walston,43854810,P,4000,ARI@BOS 08/17/2026 07:10PM ET,ARI,0
,,,,,,,,,,,RP,Greg Weissert (43854836),Greg Weissert,43854836,P,4000,ARI@BOS 08/17/2026 07:10PM ET,BOS,2.67
,,,,,,,,,,,RP,Andrew Hoffmann (43854846),Andrew Hoffmann,43854846,P,4000,ARI@BOS 08/17/2026 07:10PM ET,ARI,2.08
,,,,,,,,,,,RP,Kade Strowd (43854854),Kade Strowd,43854854,P,4000,ARI@BOS 08/17/2026 07:10PM ET,ARI,-0.15
,,,,,,,,,,,RP,Jonathan Loaisiga (43854866),Jonathan Loaisiga,43854866,P,4000,ARI@BOS 08/17/2026 07:10PM ET,ARI,2.56
,,,,,,,,,,,RP,Andrew Saalfrank (43854872),Andrew Saalfrank,43854872,P,4000,ARI@BOS 08/17/2026 07:10PM ET,ARI,0
,,,,,,,,,,,RP,Tyler Samaniego (43854875),Tyler Samaniego,43854875,P,4000,ARI@BOS 08/17/2026 07:10PM ET,BOS,2.43
,,,,,,,,,,,RP,Juan Burgos (43854890),Juan Burgos,43854890,P,4000,ARI@BOS 08/17/2026 07:10PM ET,ARI,0.8
,,,,,,,,,,,RP,Justin Slaten (43854897),Justin Slaten,43854897,P,4000,ARI@BOS 08/17/2026 07:10PM ET,BOS,2.74
,,,,,,,,,,,RP,Brandyn Garcia (43854900),Brandyn Garcia,43854900,P,4000,ARI@BOS 08/17/2026 07:10PM ET,ARI,2.92
,,,,,,,,,,,RP,Alec Gamboa (43854903),Alec Gamboa,43854903,P,4000,ARI@BOS 08/17/2026 07:10PM ET,BOS,4.98
,,,,,,,,,,,RP,Justin Martinez (43854906),Justin Martinez,43854906,P,4000,ARI@BOS 08/17/2026 07:10PM ET,ARI,0
,,,,,,,,,,,RP,A.J. Puk (43854911),A.J. Puk,43854911,P,4000,ARI@BOS 08/17/2026 07:10PM ET,ARI,0
,,,,,,,,,,,RP,Tyron Guerrero (43854934),Tyron Guerrero,43854934,P,4000,ARI@BOS 08/17/2026 07:10PM ET,BOS,3.18
,,,,,,,,,,,RP,Juan Morillo (43854936),Juan Morillo,43854936,P,4000,ARI@BOS 08/17/2026 07:10PM ET,ARI,3.42
,,,,,,,,,,,RP,Aroldis Chapman (43854939),Aroldis Chapman,43854939,P,4000,ARI@BOS 08/17/2026 07:10PM ET,BOS,3.70
,,,,,,,,,,,RP,Kevin Ginkel (43854941),Kevin Ginkel,43854941,P,4000,ARI@BOS 08/17/2026 07:10PM ET,ARI,2.88
,,,,,,,,,,,RP,Zack Kelly (43854942),Zack Kelly,43854942,P,4000,ARI@BOS 08/17/2026 07:10PM ET,BOS,2.21
,,,,,,,,,,,RP,Erik Miller (43854946),Erik Miller,43854946,P,4000,ARI@BOS 08/17/2026 07:10PM ET,BOS,3.48
,,,,,,,,,,,RP,Jovani Moran (43854954),Jovani Moran,43854954,P,4000,ARI@BOS 08/17/2026 07:10PM ET,BOS,4.60
,,,,,,,,,,,RP,Ryan Thompson (43854960),Ryan Thompson,43854960,P,4000,ARI@BOS 08/17/2026 07:10PM ET,ARI,1.91
,,,,,,,,,,,RP,Taylor Clarke (43854961),Taylor Clarke,43854961,P,4000,ARI@BOS 08/17/2026 07:10PM ET,ARI,2.42
,,,,,,,,,,,RP,Philip Abner (43854962),Philip Abner,43854962,P,4000,ARI@BOS 08/17/2026 07:10PM ET,ARI,1.38
,,,,,,,,,,,RP,Garrett Whitlock (43854976),Garrett Whitlock,43854976,P,4000,ARI@BOS 08/17/2026 07:10PM ET,BOS,3.95
,,,,,,,,,,,RP,Drey Jameson (43854978),Drey Jameson,43854978,P,4000,ARI@BOS 08/17/2026 07:10PM ET,ARI,2.86
,,,,,,,,,,,RP,Joe La Sorsa (43854985),Joe La Sorsa,43854985,P,4000,ARI@BOS 08/17/2026 07:10PM ET,BOS,0.15
,,,,,,,,,,,RP,Dennis Santana (43859359),Dennis Santana,43859359,P,4000,ARI@BOS 08/17/2026 07:10PM ET,ARI,1.84
,,,,,,,,,,,RP,Grant Hartwig (43854812),Grant Hartwig,43854812,P,4000,ATL@MIN 08/17/2026 07:40PM ET,MIN,0
,,,,,,,,,,,RP,Joe Jimenez (43854816),Joe Jimenez,43854816,P,4000,ATL@MIN 08/17/2026 07:40PM ET,ATL,0
,,,,,,,,,,,RP,A.J. Minter (43854822),A.J. Minter,43854822,P,4000,ATL@MIN 08/17/2026 07:40PM ET,MIN,2.91
,,,,,,,,,,,RP,Andrew Morris (43854852),Andrew Morris,43854852,P,4000,ATL@MIN 08/17/2026 07:40PM ET,MIN,3.40
,,,,,,,,,,,RP,Rolddy Munoz (43854855),Rolddy Munoz,43854855,P,4000,ATL@MIN 08/17/2026 07:40PM ET,ATL,0.9
,,,,,,,,,,,RP,Jeff Hoffman (43854860),Jeff Hoffman,43854860,P,4000,ATL@MIN 08/17/2026 07:40PM ET,MIN,3.76
,,,,,,,,,,,RP,Garrett Acton (43854861),Garrett Acton,43854861,P,4000,ATL@MIN 08/17/2026 07:40PM ET,MIN,7.05
,,,,,,,,,,,RP,Brent Suter (43854869),Brent Suter,43854869,P,4000,ATL@MIN 08/17/2026 07:40PM ET,ATL,3.80
,,,,,,,,,,,RP,Hayden Harris (43854870),Hayden Harris,43854870,P,4000,ATL@MIN 08/17/2026 07:40PM ET,ATL,0
,,,,,,,,,,,RP,Eric Orze (43854871),Eric Orze,43854871,P,4000,ATL@MIN 08/17/2026 07:40PM ET,MIN,2.28
,,,,,,,,,,,RP,Tyler Kinley (43854876),Tyler Kinley,43854876,P,4000,ATL@MIN 08/17/2026 07:40PM ET,ATL,2.70
,,,,,,,,,,,RP,Danny Young (43854881),Danny Young,43854881,P,4000,ATL@MIN 08/17/2026 07:40PM ET,ATL,1.07
,,,,,,,,,,,RP,Cole Sands (43854882),Cole Sands,43854882,P,4000,ATL@MIN 08/17/2026 07:40PM ET,MIN,1.42
,,,,,,,,,,,RP,James Karinchak (43854883),James Karinchak,43854883,P,4000,ATL@MIN 08/17/2026 07:40PM ET,ATL,3.15
,,,,,,,,,,,RP,Tyler Uberstine (43854884),Tyler Uberstine,43854884,P,4000,ATL@MIN 08/17/2026 07:40PM ET,ATL,5.6
,,,,,,,,,,,RP,Dan Altavilla (43854886),Dan Altavilla,43854886,P,4000,ATL@MIN 08/17/2026 07:40PM ET,MIN,0
,,,,,,,,,,,RP,Taylor Rogers (43854924),Taylor Rogers,43854924,P,4000,ATL@MIN 08/17/2026 07:40PM ET,MIN,2.12
,,,,,,,,,,,RP,Woo Suk Go (43854925),Woo Suk Go,43854925,P,4000,ATL@MIN 08/17/2026 07:40PM ET,MIN,1.25
,,,,,,,,,,,RP,Dylan Lee (43854932),Dylan Lee,43854932,P,4000,ATL@MIN 08/17/2026 07:40PM ET,ATL,4.11
,,,,,,,,,,,RP,Robert Suarez (43854938),Robert Suarez,43854938,P,4000,ATL@MIN 08/17/2026 07:40PM ET,ATL,3.86
,,,,,,,,,,,SP,Duncan Davitt (43854940),Duncan Davitt,43854940,P,4000,ATL@MIN 08/17/2026 07:40PM ET,ATL,1.35
,,,,,,,,,,,RP,Anthony Banda (43854951),Anthony Banda,43854951,P,4000,ATL@MIN 08/17/2026 07:40PM ET,MIN,2.18
,,,,,,,,,,,RP,Tommy Nance (43854965),Tommy Nance,43854965,P,4000,ATL@MIN 08/17/2026 07:40PM ET,MIN,3.05
,,,,,,,,,,,RP,Travis Adams (43854975),Travis Adams,43854975,P,4000,ATL@MIN 08/17/2026 07:40PM ET,MIN,3.42
,,,,,,,,,,,RP,Kody Funderburk (43854982),Kody Funderburk,43854982,P,4000,ATL@MIN 08/17/2026 07:40PM ET,MIN,2.75
,,,,,,,,,,,RP,Dylan Dodd (43854990),Dylan Dodd,43854990,P,4000,ATL@MIN 08/17/2026 07:40PM ET,ATL,3.98
,,,,,,,,,,,RP,Raisel Iglesias (43854991),Raisel Iglesias,43854991,P,4000,ATL@MIN 08/17/2026 07:40PM ET,ATL,3.09
,,,,,,,,,,,RP,Ray Kerr (43859358),Ray Kerr,43859358,P,4000,ATL@MIN 08/17/2026 07:40PM ET,ATL,0
,,,,,,,,,,,RP,Brusdar Graterol (43854798),Brusdar Graterol,43854798,P,4000,LAD@COL 08/17/2026 08:40PM ET,LAD,0
,,,,,,,,,,,RP,Eiberson Castellano (43854799),Eiberson Castellano,43854799,P,4000,LAD@COL 08/17/2026 08:40PM ET,COL,7.75
,,,,,,,,,,,RP,RJ Petit (43854802),RJ Petit,43854802,P,4000,LAD@COL 08/17/2026 08:40PM ET,COL,0
,,,,,,,,,,,RP,Jake Cousins (43854807),Jake Cousins,43854807,P,4000,LAD@COL 08/17/2026 08:40PM ET,LAD,0
,,,,,,,,,,,RP,Ronan Kopp (43854815),Ronan Kopp,43854815,P,4000,LAD@COL 08/17/2026 08:40PM ET,LAD,0
,,,,,,,,,,,RP,Blas Castano (43854817),Blas Castano,43854817,P,4000,LAD@COL 08/17/2026 08:40PM ET,COL,4.85
,,,,,,,,,,,SP,McCade Brown (43854818),McCade Brown,43854818,P,4000,LAD@COL 08/17/2026 08:40PM ET,COL,0
,,,,,,,,,,,RP,Seth Halvorsen (43854819),Seth Halvorsen,43854819,P,4000,LAD@COL 08/17/2026 08:40PM ET,LAD,1.83
,,,,,,,,,,,RP,Jimmy Herget (43854827),Jimmy Herget,43854827,P,4000,LAD@COL 08/17/2026 08:40PM ET,COL,1.73
,,,,,,,,,,,RP,Paul Gervase (43854832),Paul Gervase,43854832,P,4000,LAD@COL 08/17/2026 08:40PM ET,LAD,5.51
,,,,,,,,,,,RP,Tanner Scott (43854840),Tanner Scott,43854840,P,4000,LAD@COL 08/17/2026 08:40PM ET,LAD,3.52
,,,,,,,,,,,RP,Jonathan Hernandez (43854847),Jonathan Hernandez,43854847,P,4000,LAD@COL 08/17/2026 08:40PM ET,LAD,3.04
,,,,,,,,,,,RP,Parker Mushinski (43854853),Parker Mushinski,43854853,P,4000,LAD@COL 08/17/2026 08:40PM ET,COL,0.71
,,,,,,,,,,,RP,Will Klein (43854868),Will Klein,43854868,P,4000,LAD@COL 08/17/2026 08:40PM ET,LAD,3.58
,,,,,,,,,,,RP,Juan Mejia (43854877),Juan Mejia,43854877,P,4000,LAD@COL 08/17/2026 08:40PM ET,COL,2.40
,,,,,,,,,,,RP,Jack Dreyer (43854878),Jack Dreyer,43854878,P,4000,LAD@COL 08/17/2026 08:40PM ET,LAD,3.62
,,,,,,,,,,,RP,TJ Shook (43854879),TJ Shook,43854879,P,4000,LAD@COL 08/17/2026 08:40PM ET,COL,1.54
,,,,,,,,,,,RP,Edgardo Henriquez (43854885),Edgardo Henriquez,43854885,P,4000,LAD@COL 08/17/2026 08:40PM ET,LAD,3.30
,,,,,,,,,,,RP,Brock Stewart (43854889),Brock Stewart,43854889,P,4000,LAD@COL 08/17/2026 08:40PM ET,LAD,3.31
,,,,,,,,,,,RP,Kyle Hurt (43854892),Kyle Hurt,43854892,P,4000,LAD@COL 08/17/2026 08:40PM ET,LAD,3.36
,,,,,,,,,,,RP,Blake Treinen (43854895),Blake Treinen,43854895,P,4000,LAD@COL 08/17/2026 08:40PM ET,LAD,2.78
,,,,,,,,,,,RP,Jaden Hill (43854909),Jaden Hill,43854909,P,4000,LAD@COL 08/17/2026 08:40PM ET,COL,1.81
,,,,,,,,,,,RP,Welinton Herrera (43854928),Welinton Herrera,43854928,P,4000,LAD@COL 08/17/2026 08:40PM ET,COL,2.48
,,,,,,,,,,,RP,Alex Vesia (43854929),Alex Vesia,43854929,P,4000,LAD@COL 08/17/2026 08:40PM ET,LAD,2.75
,,,,,,,,,,,RP,Charlie Barnes (43854956),Charlie Barnes,43854956,P,4000,LAD@COL 08/17/2026 08:40PM ET,LAD,1.25
,,,,,,,,,,,RP,Edwin Diaz (43854968),Edwin Diaz,43854968,P,4000,LAD@COL 08/17/2026 08:40PM ET,LAD,1.65
,,,,,,,,,,,RP,Jordan Romano (43854972),Jordan Romano,43854972,P,4000,LAD@COL 08/17/2026 08:40PM ET,COL,2.12
,,,,,,,,,,,RP,Brennan Bernardino (43854984),Brennan Bernardino,43854984,P,4000,LAD@COL 08/17/2026 08:40PM ET,COL,2.22
,,,,,,,,,,,RP,Jeff Criswell (43854986),Jeff Criswell,43854986,P,4000,LAD@COL 08/17/2026 08:40PM ET,COL,2.27
,,,,,,,,,,,RP,Evan Phillips (43854987),Evan Phillips,43854987,P,4000,LAD@COL 08/17/2026 08:40PM ET,LAD,1.83
,,,,,,,,,,,RP,Ben Casparius (43854988),Ben Casparius,43854988,P,4000,LAD@COL 08/17/2026 08:40PM ET,LAD,0.5
,,,,,,,,,,,RP,Nick Frasso (43854992),Nick Frasso,43854992,P,4000,LAD@COL 08/17/2026 08:40PM ET,COL,3.05
,,,,,,,,,,,1B,Vinnie Pasquantino (43854516),Vinnie Pasquantino,43854516,1B,4000,ATH@KC 08/17/2026 07:40PM ET,KC,6.46
,,,,,,,,,,,SP,Henry Baez (43854797),Henry Baez,43854797,P,4000,ATH@KC 08/17/2026 07:40PM ET,ATH,0
,,,,,,,,,,,SP,Braden Nett (43854805),Braden Nett,43854805,P,4000,ATH@KC 08/17/2026 07:40PM ET,ATH,0
,,,,,,,,,,,RP,James McArthur (43854806),James McArthur,43854806,P,4000,ATH@KC 08/17/2026 07:40PM ET,KC,0
,,,,,,,,,,,SP,Steven Zobac (43854808),Steven Zobac,43854808,P,4000,ATH@KC 08/17/2026 07:40PM ET,KC,0
,,,,,,,,,,,RP,Carlos Duran (43854820),Carlos Duran,43854820,P,4000,ATH@KC 08/17/2026 07:40PM ET,KC,0
,,,,,,,,,,,RP,Lucas Erceg (43854823),Lucas Erceg,43854823,P,4000,ATH@KC 08/17/2026 07:40PM ET,KC,1.45
,,,,,,,,,,,RP,Elvis Alvarado (43854829),Elvis Alvarado,43854829,P,4000,ATH@KC 08/17/2026 07:40PM ET,ATH,3.40
,,,,,,,,,,,RP,Easton McGee (43854830),Easton McGee,43854830,P,4000,ATH@KC 08/17/2026 07:40PM ET,KC,1.15
,,,,,,,,,,,RP,Alex Lange (43854833),Alex Lange,43854833,P,4000,ATH@KC 08/17/2026 07:40PM ET,KC,2.24
,,,,,,,,,,,RP,Beck Way (43854839),Beck Way,43854839,P,4000,ATH@KC 08/17/2026 07:40PM ET,KC,2.93
,,,,,,,,,,,RP,Connor Seabold (43854864),Connor Seabold,43854864,P,4000,ATH@KC 08/17/2026 07:40PM ET,KC,2.08
,,,,,,,,,,,RP,Hayden Juenger (43854874),Hayden Juenger,43854874,P,4000,ATH@KC 08/17/2026 07:40PM ET,ATH,0.38
,,,,,,,,,,,RP,Jose Cuas (43854880),Jose Cuas,43854880,P,4000,ATH@KC 08/17/2026 07:40PM ET,KC,3.72
,,,,,,,,,,,RP,Matt Strahm (43854891),Matt Strahm,43854891,P,4000,ATH@KC 08/17/2026 07:40PM ET,KC,1.56
,,,,,,,,,,,RP,Justin Sterner (43854894),Justin Sterner,43854894,P,4000,ATH@KC 08/17/2026 07:40PM ET,ATH,1.97
,,,,,,,,,,,RP,Drew Rom (43854905),Drew Rom,43854905,P,4000,ATH@KC 08/17/2026 07:40PM ET,ATH,4.83
,,,,,,,,,,,RP,Craig Kimbrel (43854918),Craig Kimbrel,43854918,P,4000,ATH@KC 08/17/2026 07:40PM ET,KC,2.27
,,,,,,,,,,,RP,Steven Cruz (43854926),Steven Cruz,43854926,P,4000,ATH@KC 08/17/2026 07:40PM ET,KC,3.16
,,,,,,,,,,,RP,Brooks Kriske (43854930),Brooks Kriske,43854930,P,4000,ATH@KC 08/17/2026 07:40PM ET,ATH,4.1
,,,,,,,,,,,RP,Nick Mears (43854931),Nick Mears,43854931,P,4000,ATH@KC 08/17/2026 07:40PM ET,KC,2.00
,,,,,,,,,,,RP,Scott Blewett (43854933),Scott Blewett,43854933,P,4000,ATH@KC 08/17/2026 07:40PM ET,ATH,2.73
,,,,,,,,,,,RP,John Schreiber (43854937),John Schreiber,43854937,P,4000,ATH@KC 08/17/2026 07:40PM ET,KC,1.87
,,,,,,,,,,,RP,Nate Pearson (43854945),Nate Pearson,43854945,P,4000,ATH@KC 08/17/2026 07:40PM ET,KC,3.29
,,,,,,,,,,,RP,Brady Basso (43854953),Brady Basso,43854953,P,4000,ATH@KC 08/17/2026 07:40PM ET,ATH,3.01
,,,,,,,,,,,RP,Carlos Estevez (43854958),Carlos Estevez,43854958,P,4000,ATH@KC 08/17/2026 07:40PM ET,KC,-14.85
,,,,,,,,,,,RP,Aaron Bummer (43854964),Aaron Bummer,43854964,P,4000,ATH@KC 08/17/2026 07:40PM ET,KC,0.38
,,,,,,,,,,,RP,Taylor Rashi (43854970),Taylor Rashi,43854970,P,4000,ATH@KC 08/17/2026 07:40PM ET,ATH,3.28
,,,,,,,,,,,RP,Mark Leiter Jr. (43854977),Mark Leiter Jr.,43854977,P,4000,ATH@KC 08/17/2026 07:40PM ET,ATH,2.54
,,,,,,,,,,,RP,Hogan Harris (43854981),Hogan Harris,43854981,P,4000,ATH@KC 08/17/2026 07:40PM ET,ATH,3.22
,,,,,,,,,,,RP,Nolan Hoffman (43854983),Nolan Hoffman,43854983,P,4000,ATH@KC 08/17/2026 07:40PM ET,KC,1.7
,,,,,,,,,,,RP,Luke Little (43854989),Luke Little,43854989,P,4000,ATH@KC 08/17/2026 07:40PM ET,KC,1.05
,,,,,,,,,,,1B,Spencer Torkelson (43854353),Spencer Torkelson,43854353,1B,4000,DET@PIT 08/17/2026 07:05PM ET,DET,6.68
,,,,,,,,,,,SP,River Ryan (43854801),River Ryan,43854801,P,4000,DET@PIT 08/17/2026 07:05PM ET,DET,0
,,,,,,,,,,,SP,Jake Miller (43854813),Jake Miller,43854813,P,4000,DET@PIT 08/17/2026 07:05PM ET,DET,0
,,,,,,,,,,,RP,Khristian Curtis (43854814),Khristian Curtis,43854814,P,4000,DET@PIT 08/17/2026 07:05PM ET,PIT,16.85
,,,,,,,,,,,RP,Kenley Jansen (43854824),Kenley Jansen,43854824,P,4000,DET@PIT 08/17/2026 07:05PM ET,DET,2.99
,,,,,,,,,,,RP,Evan Sisk (43854825),Evan Sisk,43854825,P,4000,DET@PIT 08/17/2026 07:05PM ET,PIT,3.61
,,,,,,,,,,,RP,Sean Guenther (43854837),Sean Guenther,43854837,P,4000,DET@PIT 08/17/2026 07:05PM ET,DET,0
,,,,,,,,,,,RP,Tanner Rainey (43854838),Tanner Rainey,43854838,P,4000,DET@PIT 08/17/2026 07:05PM ET,DET,4.42
,,,,,,,,,,,RP,Ricky Vanasco (43854845),Ricky Vanasco,43854845,P,4000,DET@PIT 08/17/2026 07:05PM ET,DET,-2.35
,,,,,,,,,,,RP,Yohan Ramirez (43854851),Yohan Ramirez,43854851,P,4000,DET@PIT 08/17/2026 07:05PM ET,PIT,4.84
,,,,,,,,,,,RP,Will Vest (43854859),Will Vest,43854859,P,4000,DET@PIT 08/17/2026 07:05PM ET,DET,2.44
,,,,,,,,,,,RP,Drew Sommers (43854887),Drew Sommers,43854887,P,4000,DET@PIT 08/17/2026 07:05PM ET,DET,2.82
,,,,,,,,,,,RP,Camilo Doval (43854893),Camilo Doval,43854893,P,4000,DET@PIT 08/17/2026 07:05PM ET,PIT,2.51
,,,,,,,,,,,RP,Kyle Finnegan (43854901),Kyle Finnegan,43854901,P,4000,DET@PIT 08/17/2026 07:05PM ET,DET,2.21
,,,,,,,,,,,RP,Gregory Soto (43854904),Gregory Soto,43854904,P,4000,DET@PIT 08/17/2026 07:05PM ET,PIT,3.44
,,,,,,,,,,,RP,Luke Weaver (43854907),Luke Weaver,43854907,P,4000,DET@PIT 08/17/2026 07:05PM ET,PIT,3.54
,,,,,,,,,,,RP,Beau Brieske (43854910),Beau Brieske,43854910,P,4000,DET@PIT 08/17/2026 07:05PM ET,DET,1.9
,,,,,,,,,,,RP,Tyler Holton (43854912),Tyler Holton,43854912,P,4000,DET@PIT 08/17/2026 07:05PM ET,DET,2.61
,,,,,,,,,,,RP,Jacob Waguespack (43854915),Jacob Waguespack,43854915,P,4000,DET@PIT 08/17/2026 07:05PM ET,DET,3.65
,,,,,,,,,,,RP,Isaac Mattson (43854917),Isaac Mattson,43854917,P,4000,DET@PIT 08/17/2026 07:05PM ET,PIT,2.03
,,,,,,,,,,,RP,Brant Hurter (43854921),Brant Hurter,43854921,P,4000,DET@PIT 08/17/2026 07:05PM ET,DET,3.63
,,,,,,,,,,,RP,Kirby Yates (43854927),Kirby Yates,43854927,P,4000,DET@PIT 08/17/2026 07:05PM ET,PIT,2.97
,,,,,,,,,,,RP,Burch Smith (43854943),Burch Smith,43854943,P,4000,DET@PIT 08/17/2026 07:05PM ET,DET,3.94
,,,,,,,,,,,RP,Bailey Horn (43854949),Bailey Horn,43854949,P,4000,DET@PIT 08/17/2026 07:05PM ET,DET,0
,,,,,,,,,,,SP,Noah Murdock (43854957),Noah Murdock,43854957,P,4000,DET@PIT 08/17/2026 07:05PM ET,PIT,5.58
,,,,,,,,,,,RP,Enmanuel De Jesus (43854963),Enmanuel De Jesus,43854963,P,4000,DET@PIT 08/17/2026 07:05PM ET,DET,3.94
,,,,,,,,,,,RP,Brenan Hanifee (43854969),Brenan Hanifee,43854969,P,4000,DET@PIT 08/17/2026 07:05PM ET,DET,1.08
,,,,,,,,,,,RP,Mason Montgomery (43854974),Mason Montgomery,43854974,P,4000,DET@PIT 08/17/2026 07:05PM ET,PIT,4.20
,,,,,,,,,,,RP,Brandon Eisert (43854993),Brandon Eisert,43854993,P,4000,DET@PIT 08/17/2026 07:05PM ET,PIT,2.76
,,,,,,,,,,,SS,Dansby Swanson (43854350),Dansby Swanson,43854350,SS,4000,CWS@CHC 08/17/2026 08:05PM ET,CHC,7.62
,,,,,,,,,,,2B/OF,Sam Antonacci (43854351),Sam Antonacci,43854351,2B/OF,4000,CWS@CHC 08/17/2026 08:05PM ET,CWS,7.50
,,,,,,,,,,,RP,Antoine Kelly (43854794),Antoine Kelly,43854794,P,4000,CWS@CHC 08/17/2026 08:05PM ET,CHC,4.4
,,,,,,,,,,,RP,Tyler Beede (43854795),Tyler Beede,43854795,P,4000,CWS@CHC 08/17/2026 08:05PM ET,CHC,0
,,,,,,,,,,,RP,Prelander Berroa (43854796),Prelander Berroa,43854796,P,4000,CWS@CHC 08/17/2026 08:05PM ET,CWS,0
,,,,,,,,,,,SP,Drew Thorpe (43854809),Drew Thorpe,43854809,P,4000,CWS@CHC 08/17/2026 08:05PM ET,CWS,0
,,,,,,,,,,,SP,Ky Bush (43854811),Ky Bush,43854811,P,4000,CWS@CHC 08/17/2026 08:05PM ET,CWS,0
,,,,,,,,,,,RP,Tanner McDougal (43854821),Tanner McDougal,43854821,P,4000,CWS@CHC 08/17/2026 08:05PM ET,CWS,-3.65
,,,,,,,,,,,RP,Ryan Zeferjahn (43854826),Ryan Zeferjahn,43854826,P,4000,CWS@CHC 08/17/2026 08:05PM ET,CHC,4.17
,,,,,,,,,,,RP,Sean Newcomb (43854831),Sean Newcomb,43854831,P,4000,CWS@CHC 08/17/2026 08:05PM ET,CWS,4.31
,,,,,,,,,,,RP,Porter Hodge (43854835),Porter Hodge,43854835,P,4000,CWS@CHC 08/17/2026 08:05PM ET,CHC,0
,,,,,,,,,,,RP,Tyler Davis (43854841),Tyler Davis,43854841,P,4000,CWS@CHC 08/17/2026 08:05PM ET,CWS,2.84
,,,,,,,,,,,RP,Chris Murphy (43854842),Chris Murphy,43854842,P,4000,CWS@CHC 08/17/2026 08:05PM ET,CWS,2.84
,,,,,,,,,,,RP,Trent Thornton (43854844),Trent Thornton,43854844,P,4000,CWS@CHC 08/17/2026 08:05PM ET,CHC,2.72
,,,,,,,,,,,RP,Caleb Thielbar (43854848),Caleb Thielbar,43854848,P,4000,CWS@CHC 08/17/2026 08:05PM ET,CHC,2.53
,,,,,,,,,,,RP,Shelby Miller (43854857),Shelby Miller,43854857,P,4000,CWS@CHC 08/17/2026 08:05PM ET,CHC,0
,,,,,,,,,,,RP,Tyler Schweitzer (43854858),Tyler Schweitzer,43854858,P,4000,CWS@CHC 08/17/2026 08:05PM ET,CWS,4.14
,,,,,,,,,,,RP,Hoby Milner (43854862),Hoby Milner,43854862,P,4000,CWS@CHC 08/17/2026 08:05PM ET,CHC,1.70
,,,,,,,,,,,RP,Jordan Hicks (43854873),Jordan Hicks,43854873,P,4000,CWS@CHC 08/17/2026 08:05PM ET,CWS,2.97
,,,,,,,,,,,RP,Jordan Leasure (43854888),Jordan Leasure,43854888,P,4000,CWS@CHC 08/17/2026 08:05PM ET,CWS,2.57
,,,,,,,,,,,RP,Huascar Brazoban (43854896),Huascar Brazoban,43854896,P,4000,CWS@CHC 08/17/2026 08:05PM ET,CWS,3.51
,,,,,,,,,,,RP,Phil Maton (43854898),Phil Maton,43854898,P,4000,CWS@CHC 08/17/2026 08:05PM ET,CHC,1.72
,,,,,,,,,,,RP,Gavin Hollowell (43854902),Gavin Hollowell,43854902,P,4000,CWS@CHC 08/17/2026 08:05PM ET,CHC,2.73
,,,,,,,,,,,RP,Daniel Palencia (43854913),Daniel Palencia,43854913,P,4000,CWS@CHC 08/17/2026 08:05PM ET,CHC,3.14
,,,,,,,,,,,RP,Tyler Ferguson (43854920),Tyler Ferguson,43854920,P,4000,CWS@CHC 08/17/2026 08:05PM ET,CHC,2.76
,,,,,,,,,,,RP,Hagen Smith (43854923),Hagen Smith,43854923,P,4000,CWS@CHC 08/17/2026 08:05PM ET,CWS,9.63
,,,,,,,,,,,RP,Jayden Murray (43854947),Jayden Murray,43854947,P,4000,CWS@CHC 08/17/2026 08:05PM ET,CHC,1.04
,,,,,,,,,,,RP,Ryan Rolison (43854950),Ryan Rolison,43854950,P,4000,CWS@CHC 08/17/2026 08:05PM ET,CHC,3.82
,,,,,,,,,,,RP,Jacob Webb (43854952),Jacob Webb,43854952,P,4000,CWS@CHC 08/17/2026 08:05PM ET,CHC,3.59
,,,,,,,,,,,RP,Riley Martin (43854959),Riley Martin,43854959,P,4000,CWS@CHC 08/17/2026 08:05PM ET,CHC,3.82
,,,,,,,,,,,RP,Hunter Harvey (43854966),Hunter Harvey,43854966,P,4000,CWS@CHC 08/17/2026 08:05PM ET,CHC,1.85
,,,,,,,,,,,RP,Tyler Gilbert (43854967),Tyler Gilbert,43854967,P,4000,CWS@CHC 08/17/2026 08:05PM ET,CWS,-1.59
,,,,,,,,,,,RP,Bryan Hudson (43854980),Bryan Hudson,43854980,P,4000,CWS@CHC 08/17/2026 08:05PM ET,CWS,2.78
,,,,,,,,,,,OF,Carson Benge (43854355),Carson Benge,43854355,OF,4000,SD@NYM 08/17/2026 07:10PM ET,NYM,7.66
,,,,,,,,,,,RP,Garrett Hawkins (43854800),Garrett Hawkins,43854800,P,4000,SD@NYM 08/17/2026 07:10PM ET,SD,0
,,,,,,,,,,,RP,Dylan Ross (43854803),Dylan Ross,43854803,P,4000,SD@NYM 08/17/2026 07:10PM ET,NYM,0
,,,,,,,,,,,RP,Mason Miller (43854828),Mason Miller,43854828,P,4000,SD@NYM 08/17/2026 07:10PM ET,SD,5.72
,,,,,,,,,,,RP,Alek Jacob (43854834),Alek Jacob,43854834,P,4000,SD@NYM 08/17/2026 07:10PM ET,SD,5.48
,,,,,,,,,,,RP,David Morgan (43854843),David Morgan,43854843,P,4000,SD@NYM 08/17/2026 07:10PM ET,SD,3.46
,,,,,,,,,,,RP,Reed Garrett (43854849),Reed Garrett,43854849,P,4000,SD@NYM 08/17/2026 07:10PM ET,NYM,0
,,,,,,,,,,,RP,Wandy Peralta (43854850),Wandy Peralta,43854850,P,4000,SD@NYM 08/17/2026 07:10PM ET,SD,2.30
,,,,,,,,,,,RP,Cionel Perez (43854856),Cionel Perez,43854856,P,4000,SD@NYM 08/17/2026 07:10PM ET,NYM,3.05
,,,,,,,,,,,RP,Yuki Matsui (43854863),Yuki Matsui,43854863,P,4000,SD@NYM 08/17/2026 07:10PM ET,SD,4.49
,,,,,,,,,,,RP,Jeremiah Estrada (43854865),Jeremiah Estrada,43854865,P,4000,SD@NYM 08/17/2026 07:10PM ET,SD,3.44
,,,,,,,,,,,RP,Jack Weisenburger (43854867),Jack Weisenburger,43854867,P,4000,SD@NYM 08/17/2026 07:10PM ET,NYM,5.78
,,,,,,,,,,,RP,Austin Warren (43854899),Austin Warren,43854899,P,4000,SD@NYM 08/17/2026 07:10PM ET,NYM,3.38
,,,,,,,,,,,RP,Nate Lavender (43854908),Nate Lavender,43854908,P,4000,SD@NYM 08/17/2026 07:10PM ET,NYM,4.14
,,,,,,,,,,,RP,Daniel Duarte (43854914),Daniel Duarte,43854914,P,4000,SD@NYM 08/17/2026 07:10PM ET,NYM,4.65
,,,,,,,,,,,RP,Devin Williams (43854916),Devin Williams,43854916,P,4000,SD@NYM 08/17/2026 07:10PM ET,NYM,2.92
,,,,,,,,,,,RP,Jefry Yan (43854919),Jefry Yan,43854919,P,4000,SD@NYM 08/17/2026 07:10PM ET,NYM,3.97
,,,,,,,,,,,RP,Jason Adam (43854922),Jason Adam,43854922,P,4000,SD@NYM 08/17/2026 07:10PM ET,SD,2.30
,,,,,,,,,,,RP,Hunter Stratton (43854935),Hunter Stratton,43854935,P,4000,SD@NYM 08/17/2026 07:10PM ET,SD,1.97
,,,,,,,,,,,RP,Bryan Hoeing (43854944),Bryan Hoeing,43854944,P,4000,SD@NYM 08/17/2026 07:10PM ET,SD,0
,,,,,,,,,,,RP,Bradgley Rodriguez (43854948),Bradgley Rodriguez,43854948,P,4000,SD@NYM 08/17/2026 07:10PM ET,SD,3.82
,,,,,,,,,,,RP,Joey Gerber (43854955),Joey Gerber,43854955,P,4000,SD@NYM 08/17/2026 07:10PM ET,NYM,2.96
,,,,,,,,,,,RP,Dedniel Nunez (43854971),Dedniel Nunez,43854971,P,4000,SD@NYM 08/17/2026 07:10PM ET,NYM,-0.12
,,,,,,,,,,,RP,Jonathan Pintaro (43854973),Jonathan Pintaro,43854973,P,4000,SD@NYM 08/17/2026 07:10PM ET,NYM,6.45
,,,,,,,,,,,RP,Adrian Morejon (43854979),Adrian Morejon,43854979,P,4000,SD@NYM 08/17/2026 07:10PM ET,SD,4.57
,,,,,,,,,,,3B,Austin Riley (43854357),Austin Riley,43854357,3B,3900,ATL@MIN 08/17/2026 07:40PM ET,ATL,6.46
,,,,,,,,,,,2B,Chase Meidroth (43854358),Chase Meidroth,43854358,2B,3900,CWS@CHC 08/17/2026 08:05PM ET,CWS,7.17
,,,,,,,,,,,1B,Ty France (43854359),Ty France,43854359,1B,3900,SD@NYM 08/17/2026 07:10PM ET,SD,6.97
,,,,,,,,,,,1B/OF,Kike Hernandez (43854365),Kike Hernandez,43854365,1B/OF,3800,LAD@COL 08/17/2026 08:40PM ET,LAD,3.15
,,,,,,,,,,,OF,Max Clark (43854362),Max Clark,43854362,OF,3800,DET@PIT 08/17/2026 07:05PM ET,DET,7.07
,,,,,,,,,,,OF,Jake Mangum (43854363),Jake Mangum,43854363,OF,3800,DET@PIT 08/17/2026 07:05PM ET,PIT,6.72
,,,,,,,,,,,2B/3B,Pedro Ramirez (43854360),Pedro Ramirez,43854360,2B/3B,3800,CWS@CHC 08/17/2026 08:05PM ET,CHC,5.71
,,,,,,,,,,,OF,Braden Montgomery (43854367),Braden Montgomery,43854367,OF,3800,CWS@CHC 08/17/2026 08:05PM ET,CWS,6.86
,,,,,,,,,,,OF,A.J. Ewing (43854364),A.J. Ewing,43854364,OF,3800,SD@NYM 08/17/2026 07:10PM ET,NYM,7.10
,,,,,,,,,,,1B/2B,Ildemaro Vargas (43854368),Ildemaro Vargas,43854368,1B/2B,3700,ARI@BOS 08/17/2026 07:10PM ET,ARI,6.19
,,,,,,,,,,,OF,Jarren Duran (43854371),Jarren Duran,43854371,OF,3700,ARI@BOS 08/17/2026 07:10PM ET,BOS,7.02
,,,,,,,,,,,OF,Trevor Larnach (43854370),Trevor Larnach,43854370,OF,3700,ATL@MIN 08/17/2026 07:40PM ET,MIN,6.49
,,,,,,,,,,,C,Jonah Heim (43854372),Jonah Heim,43854372,C,3700,ATH@KC 08/17/2026 07:40PM ET,ATH,5.97
,,,,,,,,,,,C,Kyle Teel (43854519),Kyle Teel,43854519,C,3700,CWS@CHC 08/17/2026 08:05PM ET,CWS,6
,,,,,,,,,,,OF,Mike Tauchman (43854520),Mike Tauchman,43854520,OF,3700,SD@NYM 08/17/2026 07:10PM ET,NYM,0
,,,,,,,,,,,1B,Josh Bell (43854374),Josh Bell,43854374,1B,3600,ATL@MIN 08/17/2026 07:40PM ET,MIN,7.16
,,,,,,,,,,,3B,Brooks Lee (43854377),Brooks Lee,43854377,3B,3600,ATL@MIN 08/17/2026 07:40PM ET,MIN,7.13
,,,,,,,,,,,2B,Michael Massey (43854376),Michael Massey,43854376,2B,3600,ATH@KC 08/17/2026 07:40PM ET,KC,5.70
,,,,,,,,,,,C,Carson Kelly (43854373),Carson Kelly,43854373,C,3600,CWS@CHC 08/17/2026 08:05PM ET,CHC,5.85
,,,,,,,,,,,OF,Andrew Benintendi (43854375),Andrew Benintendi,43854375,OF,3600,CWS@CHC 08/17/2026 08:05PM ET,CWS,6.05
,,,,,,,,,,,3B,Caleb Durbin (43854379),Caleb Durbin,43854379,3B,3500,ARI@BOS 08/17/2026 07:10PM ET,BOS,7.03
,,,,,,,,,,,OF,Max Kepler (43854383),Max Kepler,43854383,OF,3500,ARI@BOS 08/17/2026 07:10PM ET,ARI,5
,,,,,,,,,,,OF,Lane Thomas (43854384),Lane Thomas,43854384,OF,3500,ATL@MIN 08/17/2026 07:40PM ET,ATL,5.59
,,,,,,,,,,,OF,Troy Johnston (43854385),Troy Johnston,43854385,OF,3500,LAD@COL 08/17/2026 08:40PM ET,COL,5.86
,,,,,,,,,,,OF,Lawrence Butler (43854382),Lawrence Butler,43854382,OF,3500,ATH@KC 08/17/2026 07:40PM ET,ATH,5.30
,,,,,,,,,,,1B,Spencer Horwitz (43854378),Spencer Horwitz,43854378,1B,3500,DET@PIT 08/17/2026 07:05PM ET,PIT,6.75
,,,,,,,,,,,OF,Luis Rengifo (43854380),Luis Rengifo,43854380,OF,3500,SD@NYM 08/17/2026 07:10PM ET,SD,5.75
,,,,,,,,,,,C,Francisco Alvarez (43854381),Francisco Alvarez,43854381,C,3500,SD@NYM 08/17/2026 07:10PM ET,NYM,5.98
,,,,,,,,,,,OF,Luke Keaschall (43854388),Luke Keaschall,43854388,OF,3400,ATL@MIN 08/17/2026 07:40PM ET,MIN,6.74
,,,,,,,,,,,C,Brett Sullivan (43854391),Brett Sullivan,43854391,C,3400,LAD@COL 08/17/2026 08:40PM ET,COL,4.88
,,,,,,,,,,,OF,Henry Bolte (43854390),Henry Bolte,43854390,OF,3400,ATH@KC 08/17/2026 07:40PM ET,ATH,6.40
,,,,,,,,,,,2B/3B,Joshua Kuroda-Grauer (43854521),Joshua Kuroda-Grauer,43854521,2B/3B,3400,ATH@KC 08/17/2026 07:40PM ET,ATH,7.75
,,,,,,,,,,,2B/3B,Nick Gonzales (43854386),Nick Gonzales,43854386,2B/3B,3400,DET@PIT 08/17/2026 07:05PM ET,PIT,7.11
,,,,,,,,,,,OF,Luis Robert Jr. (43854389),Luis Robert Jr.,43854389,OF,3400,SD@NYM 08/17/2026 07:10PM ET,NYM,5.80
,,,,,,,,,,,2B,Marcus Semien (43854392),Marcus Semien,43854392,2B,3400,SD@NYM 08/17/2026 07:10PM ET,NYM,5.95
,,,,,,,,,,,SS,Andruw Monasterio (43854395),Andruw Monasterio,43854395,SS,3300,ARI@BOS 08/17/2026 07:10PM ET,BOS,5.79
,,,,,,,,,,,OF,Lars Nootbaar (43854396),Lars Nootbaar,43854396,OF,3300,ARI@BOS 08/17/2026 07:10PM ET,ARI,5.62
,,,,,,,,,,,1B/3B,Jose Fernandez (43854524),Jose Fernandez,43854524,1B/3B,3300,ARI@BOS 08/17/2026 07:10PM ET,ARI,5.24
,,,,,,,,,,,2B/SS,Miguel Rojas (43854398),Miguel Rojas,43854398,2B/SS,3300,LAD@COL 08/17/2026 08:40PM ET,LAD,3.69
,,,,,,,,,,,OF,Zac Veen (43854400),Zac Veen,43854400,OF,3300,LAD@COL 08/17/2026 08:40PM ET,COL,10.25
,,,,,,,,,,,3B,Kyle Karros (43854523),Kyle Karros,43854523,3B,3300,LAD@COL 08/17/2026 08:40PM ET,COL,6.52
,,,,,,,,,,,1B/C,Salvador Perez (43854393),Salvador Perez,43854393,C/1B,3300,ATH@KC 08/17/2026 07:40PM ET,KC,5.93
,,,,,,,,,,,1B/2B,Jeff McNeil (43854402),Jeff McNeil,43854402,1B/2B,3300,ATH@KC 08/17/2026 07:40PM ET,ATH,5.17
,,,,,,,,,,,3B,Colt Keith (43854401),Colt Keith,43854401,3B,3300,DET@PIT 08/17/2026 07:05PM ET,DET,5.29
,,,,,,,,,,,OF,Brenton Doyle (43854397),Brenton Doyle,43854397,OF,3300,CWS@CHC 08/17/2026 08:05PM ET,CWS,4.61
,,,,,,,,,,,1B/3B,Mark Vientos (43854526),Mark Vientos,43854526,1B/3B,3300,SD@NYM 08/17/2026 07:10PM ET,NYM,5.41
,,,,,,,,,,,2B,Anthony Seigler (43854407),Anthony Seigler,43854407,2B,3200,ARI@BOS 08/17/2026 07:10PM ET,BOS,5.91
,,,,,,,,,,,OF,Austin Martin (43854406),Austin Martin,43854406,OF,3200,ATL@MIN 08/17/2026 07:40PM ET,MIN,4.97
,,,,,,,,,,,OF/SS,Mauricio Dubon (43854409),Mauricio Dubon,43854409,SS/OF,3200,ATL@MIN 08/17/2026 07:40PM ET,ATL,6.74
,,,,,,,,,,,1B/2B,Connor Norby (43854411),Connor Norby,43854411,1B/2B,3200,LAD@COL 08/17/2026 08:40PM ET,COL,5.21
,,,,,,,,,,,C,Braxton Fulford (43854529),Braxton Fulford,43854529,C,3200,LAD@COL 08/17/2026 08:40PM ET,COL,3
,,,,,,,,,,,OF,John Rave (43854405),John Rave,43854405,OF,3200,ATH@KC 08/17/2026 07:40PM ET,KC,4.17
,,,,,,,,,,,OF,Kerry Carpenter (43854528),Kerry Carpenter,43854528,OF,3200,DET@PIT 08/17/2026 07:05PM ET,DET,5.27
,,,,,,,,,,,1B/OF,Tyler Callihan (43854531),Tyler Callihan,43854531,1B/OF,3200,DET@PIT 08/17/2026 07:05PM ET,PIT,4.5
,,,,,,,,,,,OF,Michael Conforto (43854408),Michael Conforto,43854408,OF,3200,CWS@CHC 08/17/2026 08:05PM ET,CHC,4.78
,,,,,,,,,,,C,Luis Campusano (43854404),Luis Campusano,43854404,C,3200,SD@NYM 08/17/2026 07:10PM ET,SD,6.6
,,,,,,,,,,,SS,Xander Bogaerts (43854413),Xander Bogaerts,43854413,SS,3200,SD@NYM 08/17/2026 07:10PM ET,SD,6.43
,,,,,,,,,,,OF,Samad Taylor (43854530),Samad Taylor,43854530,OF,3200,SD@NYM 08/17/2026 07:10PM ET,SD,7.88
,,,,,,,,,,,1B/2B,Nick Sogard (43854416),Nick Sogard,43854416,1B/2B,3100,ARI@BOS 08/17/2026 07:10PM ET,BOS,5.41
,,,,,,,,,,,C,James McCann (43854421),James McCann,43854421,C,3100,ARI@BOS 08/17/2026 07:10PM ET,ARI,6.03
,,,,,,,,,,,OF,Alex Call (43854422),Alex Call,43854422,OF,3100,LAD@COL 08/17/2026 08:40PM ET,LAD,3.66
,,,,,,,,,,,SS,Ezequiel Tovar (43854423),Ezequiel Tovar,43854423,SS,3100,LAD@COL 08/17/2026 08:40PM ET,COL,5.04
,,,,,,,,,,,2B/OF,Tyler Freeman (43854534),Tyler Freeman,43854534,2B/OF,3100,LAD@COL 08/17/2026 08:40PM ET,COL,5.23
,,,,,,,,,,,3B,Nick Loftin (43854414),Nick Loftin,43854414,3B,3100,ATH@KC 08/17/2026 07:40PM ET,KC,5.55
,,,,,,,,,,,OF,Carlos Cortes (43854418),Carlos Cortes,43854418,OF,3100,ATH@KC 08/17/2026 07:40PM ET,ATH,5.08
,,,,,,,,,,,OF/SS,Tyler Tolbert (43854419),Tyler Tolbert,43854419,SS/OF,3100,ATH@KC 08/17/2026 07:40PM ET,KC,4.96
,,,,,,,,,,,2B,Jonathan India (43854533),Jonathan India,43854533,2B,3100,ATH@KC 08/17/2026 07:40PM ET,KC,5.41
,,,,,,,,,,,OF,Randal Grichuk (43854415),Randal Grichuk,43854415,OF,3100,CWS@CHC 08/17/2026 08:05PM ET,CWS,4.58
,,,,,,,,,,,OF,Masataka Yoshida (43854429),Masataka Yoshida,43854429,OF,3000,ARI@BOS 08/17/2026 07:10PM ET,BOS,5.56
,,,,,,,,,,,OF,Ryan Waldschmidt (43854435),Ryan Waldschmidt,43854435,OF,3000,ARI@BOS 08/17/2026 07:10PM ET,ARI,5.95
,,,,,,,,,,,SS,Trevor Story (43854537),Trevor Story,43854537,SS,3000,ARI@BOS 08/17/2026 07:10PM ET,BOS,5.98
,,,,,,,,,,,OF,Jordan Lawlar (43854539),Jordan Lawlar,43854539,OF,3000,ARI@BOS 08/17/2026 07:10PM ET,ARI,8.25
,,,,,,,,,,,C,Adrian Del Castillo (43854540),Adrian Del Castillo,43854540,C,3000,ARI@BOS 08/17/2026 07:10PM ET,ARI,4.73
,,,,,,,,,,,1B/OF,Dominic Smith (43854427),Dominic Smith,43854427,1B/OF,3000,ATL@MIN 08/17/2026 07:40PM ET,ATL,4.98
,,,,,,,,,,,OF,Mike Yastrzemski (43854437),Mike Yastrzemski,43854437,OF,3000,ATL@MIN 08/17/2026 07:40PM ET,ATL,4.81
,,,,,,,,,,,OF,Jordan Beck (43854440),Jordan Beck,43854440,OF,3000,LAD@COL 08/17/2026 08:40PM ET,COL,4.30
,,,,,,,,,,,OF,Sterlin Thompson (43854536),Sterlin Thompson,43854536,OF,3000,LAD@COL 08/17/2026 08:40PM ET,COL,4.44
,,,,,,,,,,,2B,Hyeseong Kim (43854538),Hyeseong Kim,43854538,2B,3000,LAD@COL 08/17/2026 08:40PM ET,LAD,4.91
,,,,,,,,,,,2B/SS,Donovan Walton (43854430),Donovan Walton,43854430,2B/SS,3000,ATH@KC 08/17/2026 07:40PM ET,ATH,4.88
,,,,,,,,,,,OF,Isaac Collins (43854432),Isaac Collins,43854432,OF,3000,ATH@KC 08/17/2026 07:40PM ET,KC,5.54
,,,,,,,,,,,OF/SS,Javier Baez (43854424),Javier Baez,43854424,SS/OF,3000,DET@PIT 08/17/2026 07:05PM ET,DET,5.78
,,,,,,,,,,,1B/C,Rafael Flores Jr. (43854438),Rafael Flores Jr.,43854438,C/1B,3000,DET@PIT 08/17/2026 07:05PM ET,PIT,7
,,,,,,,,,,,C,Miguel Amaya (43854426),Miguel Amaya,43854426,C,3000,CWS@CHC 08/17/2026 08:05PM ET,CHC,5.06
,,,,,,,,,,,OF,Tyrone Taylor (43854436),Tyrone Taylor,43854436,OF,3000,CWS@CHC 08/17/2026 08:05PM ET,CHC,4.42
,,,,,,,,,,,2B/OF,Brett Baty (43854433),Brett Baty,43854433,2B/OF,3000,SD@NYM 08/17/2026 07:10PM ET,NYM,5.10
,,,,,,,,,,,1B/OF,Tim Tawa (43854448),Tim Tawa,43854448,1B/OF,2900,ARI@BOS 08/17/2026 07:10PM ET,ARI,5.31
,,,,,,,,,,,1B/2B,Romy Gonzalez (43854541),Romy Gonzalez,43854541,1B/2B,2900,ARI@BOS 08/17/2026 07:10PM ET,BOS,5.32
,,,,,,,,,,,OF,Lourdes Gurriel Jr. (43854543),Lourdes Gurriel Jr.,43854543,OF,2900,ARI@BOS 08/17/2026 07:10PM ET,ARI,4.96
,,,,,,,,,,,OF/SS,Ryan Kreidler (43854441),Ryan Kreidler,43854441,SS/OF,2900,ATL@MIN 08/17/2026 07:40PM ET,MIN,4.53
,,,,,,,,,,,1B/C,Victor Caratini (43854445),Victor Caratini,43854445,C/1B,2900,ATL@MIN 08/17/2026 07:40PM ET,MIN,5.21
,,,,,,,,,,,C,Hunter Feduccia (43854450),Hunter Feduccia,43854450,C,2900,LAD@COL 08/17/2026 08:40PM ET,LAD,3.56
,,,,,,,,,,,2B/3B,Hao-Yu Lee (43854443),Hao-Yu Lee,43854443,2B/3B,2900,DET@PIT 08/17/2026 07:05PM ET,DET,4.46
,,,,,,,,,,,OF,Ronny Simon (43854447),Ronny Simon,43854447,OF,2900,DET@PIT 08/17/2026 07:05PM ET,PIT,5.56
,,,,,,,,,,,OF,Tristan Peters (43854451),Tristan Peters,43854451,OF,2900,CWS@CHC 08/17/2026 08:05PM ET,CWS,5.5
,,,,,,,,,,,1B,Tyler Locklear (43854455),Tyler Locklear,43854455,1B,2800,ARI@BOS 08/17/2026 07:10PM ET,ARI,5.73
,,,,,,,,,,,3B,Max Muncy (43854453),Max Muncy,43854453,3B,2800,ATH@KC 08/17/2026 07:40PM ET,ATH,5.52
,,,,,,,,,,,C,Brian Serven (43854457),Brian Serven,43854457,C,2800,ATH@KC 08/17/2026 07:40PM ET,ATH,4.17
,,,,,,,,,,,SS,Jacob Gonzalez (43854454),Jacob Gonzalez,43854454,SS,2800,DET@PIT 08/17/2026 07:05PM ET,PIT,5.21
,,,,,,,,,,,OF,Zach McKinstry (43854456),Zach McKinstry,43854456,OF,2800,DET@PIT 08/17/2026 07:05PM ET,DET,4.57
,,,,,,,,,,,C,Eric Haase (43854544),Eric Haase,43854544,C,2800,CWS@CHC 08/17/2026 08:05PM ET,CWS,4.07
,,,,,,,,,,,2B,Jake Cronenworth (43854452),Jake Cronenworth,43854452,2B,2800,SD@NYM 08/17/2026 07:10PM ET,SD,5.53
,,,,,,,,,,,3B/OF,Miguel Andujar (43854545),Miguel Andujar,43854545,3B/OF,2800,SD@NYM 08/17/2026 07:10PM ET,SD,5.45
,,,,,,,,,,,OF,Tommy Troy (43854549),Tommy Troy,43854549,OF,2700,ARI@BOS 08/17/2026 07:10PM ET,ARI,5.46
,,,,,,,,,,,SS,Kaelen Culpepper (43854464),Kaelen Culpepper,43854464,SS,2700,ATL@MIN 08/17/2026 07:40PM ET,MIN,6.14
,,,,,,,,,,,OF,Matt Wallner (43854550),Matt Wallner,43854550,OF,2700,ATL@MIN 08/17/2026 07:40PM ET,MIN,5.06
,,,,,,,,,,,C,Ben Rortvedt (43854462),Ben Rortvedt,43854462,C,2700,LAD@COL 08/17/2026 08:40PM ET,LAD,1.14
,,,,,,,,,,,2B,Adael Amador (43854463),Adael Amador,43854463,2B,2700,LAD@COL 08/17/2026 08:40PM ET,COL,13
,,,,,,,,,,,OF,Starling Marte (43854459),Starling Marte,43854459,OF,2700,ATH@KC 08/17/2026 07:40PM ET,KC,3.88
,,,,,,,,,,,OF,Ben Malgeri (43854461),Ben Malgeri,43854461,OF,2700,DET@PIT 08/17/2026 07:05PM ET,DET,4.48
,,,,,,,,,,,OF,Matt Vierling (43854548),Matt Vierling,43854548,OF,2700,DET@PIT 08/17/2026 07:05PM ET,DET,4.50
,,,,,,,,,,,SS,Konnor Griffin (43854551),Konnor Griffin,43854551,SS,2700,DET@PIT 08/17/2026 07:05PM ET,PIT,8.66
,,,,,,,,,,,C,Joey Bart (43854547),Joey Bart,43854547,C,2700,CWS@CHC 08/17/2026 08:05PM ET,CWS,4.32
,,,,,,,,,,,1B,Jared Young (43854458),Jared Young,43854458,1B,2700,SD@NYM 08/17/2026 07:10PM ET,NYM,5.84
,,,,,,,,,,,OF,Gavin Sheets (43854460),Gavin Sheets,43854460,OF,2700,SD@NYM 08/17/2026 07:10PM ET,SD,5.69
,,,,,,,,,,,C,Mickey Gasper (43854553),Mickey Gasper,43854553,C,2600,ARI@BOS 08/17/2026 07:10PM ET,BOS,4.38
,,,,,,,,,,,SS,Jim Jarvis (43854471),Jim Jarvis,43854471,SS,2600,ATL@MIN 08/17/2026 07:40PM ET,ATL,4.2
,,,,,,,,,,,OF,Brewer Hicklen (43854554),Brewer Hicklen,43854554,OF,2600,ATL@MIN 08/17/2026 07:40PM ET,ATL,6.62
,,,,,,,,,,,OF,Corey Julks (43854469),Corey Julks,43854469,OF,2600,DET@PIT 08/17/2026 07:05PM ET,DET,3.5
,,,,,,,,,,,C,Jake Rogers (43854470),Jake Rogers,43854470,C,2600,CWS@CHC 08/17/2026 08:05PM ET,CWS,4.23
,,,,,,,,,,,OF,Brooks Baldwin (43854552),Brooks Baldwin,43854552,OF,2600,CWS@CHC 08/17/2026 08:05PM ET,CWS,0
,,,,,,,,,,,C,Luis Torrens (43854465),Luis Torrens,43854465,C,2600,SD@NYM 08/17/2026 07:10PM ET,NYM,5
,,,,,,,,,,,OF,Austin Hays (43854466),Austin Hays,43854466,OF,2600,SD@NYM 08/17/2026 07:10PM ET,SD,5.56
,,,,,,,,,,,1B/3B,Gabriel Arias (43854467),Gabriel Arias,43854467,1B/3B,2600,SD@NYM 08/17/2026 07:10PM ET,NYM,4.91
,,,,,,,,,,,C,Connor Wong (43854473),Connor Wong,43854473,C,2500,ARI@BOS 08/17/2026 07:10PM ET,BOS,4.97
,,,,,,,,,,,2B/SS,Isiah Kiner-Falefa (43854556),Isiah Kiner-Falefa,43854556,2B/SS,2500,ARI@BOS 08/17/2026 07:10PM ET,BOS,5.19
,,,,,,,,,,,OF,Alan Roden (43854476),Alan Roden,43854476,OF,2500,ATL@MIN 08/17/2026 07:40PM ET,MIN,3.88
,,,,,,,,,,,OF,Kyle Isbel (43854472),Kyle Isbel,43854472,OF,2500,ATH@KC 08/17/2026 07:40PM ET,KC,4.52
,,,,,,,,,,,1B/3B,Tommy White (43854474),Tommy White,43854474,1B/3B,2500,ATH@KC 08/17/2026 07:40PM ET,ATH,4.65
,,,,,,,,,,,OF,Wenceel Perez (43854555),Wenceel Perez,43854555,OF,2500,DET@PIT 08/17/2026 07:05PM ET,DET,5.09
,,,,,,,,,,,OF,Jhostynxon Garcia (43854559),Jhostynxon Garcia,43854559,OF,2500,DET@PIT 08/17/2026 07:05PM ET,PIT,1.9
,,,,,,,,,,,SS,Luisangel Acuna (43854477),Luisangel Acuna,43854477,SS,2500,CWS@CHC 08/17/2026 08:05PM ET,CWS,3.61
,,,,,,,,,,,OF,Matt Shaw (43854558),Matt Shaw,43854558,OF,2500,CWS@CHC 08/17/2026 08:05PM ET,CHC,4.93
,,,,,,,,,,,OF,Eli White (43854481),Eli White,43854481,OF,2400,ARI@BOS 08/17/2026 07:10PM ET,BOS,3.80
,,,,,,,,,,,3B/SS,Jared Triolo (43854479),Jared Triolo,43854479,3B/SS,2400,DET@PIT 08/17/2026 07:05PM ET,PIT,4.76
,,,,,,,,,,,OF,Parker Meadows (43854560),Parker Meadows,43854560,OF,2400,DET@PIT 08/17/2026 07:05PM ET,DET,5.42
,,,,,,,,,,,SS,Trey Sweeney (43854561),Trey Sweeney,43854561,SS,2400,DET@PIT 08/17/2026 07:05PM ET,DET,0
,,,,,,,,,,,OF,James Outman (43854562),James Outman,43854562,OF,2400,DET@PIT 08/17/2026 07:05PM ET,DET,2.87
,,,,,,,,,,,C,Freddy Fermin (43854478),Freddy Fermin,43854478,C,2400,SD@NYM 08/17/2026 07:10PM ET,SD,3.43
,,,,,,,,,,,OF,Jahmai Jones (43854485),Jahmai Jones,43854485,OF,2300,ARI@BOS 08/17/2026 07:10PM ET,BOS,2.92
,,,,,,,,,,,OF,Jorge Barrosa (43854487),Jorge Barrosa,43854487,OF,2300,ARI@BOS 08/17/2026 07:10PM ET,ARI,2.66
,,,,,,,,,,,2B/SS,Alika Williams (43854482),Alika Williams,43854482,2B/SS,2300,ATH@KC 08/17/2026 07:40PM ET,ATH,3.62
,,,,,,,,,,,C,Henry Davis (43854484),Henry Davis,43854484,C,2300,DET@PIT 08/17/2026 07:05PM ET,PIT,4.51
,,,,,,,,,,,OF,Jase Bowen (43854486),Jase Bowen,43854486,OF,2300,SD@NYM 08/17/2026 07:10PM ET,SD,2.32
,,,,,,,,,,,3B,Josh Rojas (43854491),Josh Rojas,43854491,3B,2200,ATH@KC 08/17/2026 07:40PM ET,KC,3.4
,,,,,,,,,,,C,Drew Romo (43854490),Drew Romo,43854490,C,2200,CWS@CHC 08/17/2026 08:05PM ET,CWS,4.26
,,,,,,,,,,,3B/SS,Sung-Mun Song (43854488),Sung-Mun Song,43854488,3B/SS,2200,SD@NYM 08/17/2026 07:10PM ET,SD,4.03
,,,,,,,,,,,SS,Ha-Seong Kim (43854496),Ha-Seong Kim,43854496,SS,2100,ATL@MIN 08/17/2026 07:40PM ET,ATL,1.81
,,,,,,,,,,,C,Luke Maile (43854492),Luke Maile,43854492,C,2100,ATH@KC 08/17/2026 07:40PM ET,KC,5
,,,,,,,,,,,OF,Billy Cook (43854495),Billy Cook,43854495,OF,2100,DET@PIT 08/17/2026 07:05PM ET,PIT,1.28
,,,,,,,,,,,2B/3B,Jorge Polanco (43854493),Jorge Polanco,43854493,2B/3B,2100,SD@NYM 08/17/2026 07:10PM ET,NYM,3.47
,,,,,,,,,,,1B/3B,Brett Harris (43854568),Brett Harris,43854568,1B/3B,2000,ARI@BOS 08/17/2026 07:10PM ET,BOS,1
,,,,,,,,,,,1B,Triston Casas (43854593),Triston Casas,43854593,1B,2000,ARI@BOS 08/17/2026 07:10PM ET,BOS,0
,,,,,,,,,,,2B,Kristian Campbell (43854596),Kristian Campbell,43854596,2B,2000,ARI@BOS 08/17/2026 07:10PM ET,BOS,0
,,,,,,,,,,,OF,Nate Eaton (43854599),Nate Eaton,43854599,OF,2000,ARI@BOS 08/17/2026 07:10PM ET,BOS,4.5
,,,,,,,,,,,1B,LuJames Groover (43854602),LuJames Groover,43854602,1B,2000,ARI@BOS 08/17/2026 07:10PM ET,ARI,4.2
,,,,,,,,,,,SS,Tsung-Che Cheng (43854605),Tsung-Che Cheng,43854605,SS,2000,ARI@BOS 08/17/2026 07:10PM ET,BOS,4.57
,,,,,,,,,,,SS,Jacob Amaya (43854619),Jacob Amaya,43854619,SS,2000,ARI@BOS 08/17/2026 07:10PM ET,ARI,0
,,,,,,,,,,,C,Sean Murphy (43854497),Sean Murphy,43854497,C,2000,ATL@MIN 08/17/2026 07:40PM ET,ATL,1.78
,,,,,,,,,,,SS,Tristan Gray (43854564),Tristan Gray,43854564,SS,2000,ATL@MIN 08/17/2026 07:40PM ET,MIN,4.20
,,,,,,,,,,,OF,Gabriel Gonzalez (43854565),Gabriel Gonzalez,43854565,OF,2000,ATL@MIN 08/17/2026 07:40PM ET,MIN,9
,,,,,,,,,,,OF,Hendry Mendez (43854582),Hendry Mendez,43854582,OF,2000,ATL@MIN 08/17/2026 07:40PM ET,MIN,0
,,,,,,,,,,,OF,Emmanuel Rodriguez (43854584),Emmanuel Rodriguez,43854584,OF,2000,ATL@MIN 08/17/2026 07:40PM ET,MIN,0
,,,,,,,,,,,OF,Ben Gamel (43854588),Ben Gamel,43854588,OF,2000,ATL@MIN 08/17/2026 07:40PM ET,ATL,0
,,,,,,,,,,,OF,Jurickson Profar (43854591),Jurickson Profar,43854591,OF,2000,ATL@MIN 08/17/2026 07:40PM ET,ATL,0
,,,,,,,,,,,OF,Kyler Fedko (43854610),Kyler Fedko,43854610,OF,2000,ATL@MIN 08/17/2026 07:40PM ET,MIN,0.57
,,,,,,,,,,,OF,DaShawn Keirsey Jr. (43854614),DaShawn Keirsey Jr.,43854614,OF,2000,ATL@MIN 08/17/2026 07:40PM ET,ATL,0
,,,,,,,,,,,C,Chuckie Robinson (43854579),Chuckie Robinson,43854579,C,2000,LAD@COL 08/17/2026 08:40PM ET,LAD,1.25
,,,,,,,,,,,C,Eliezer Alfonzo (43854580),Eliezer Alfonzo,43854580,C,2000,LAD@COL 08/17/2026 08:40PM ET,LAD,2.75
,,,,,,,,,,,OF,Ryan Ward (43854581),Ryan Ward,43854581,OF,2000,LAD@COL 08/17/2026 08:40PM ET,LAD,5.75
,,,,,,,,,,,3B/OF,Kris Bryant (43854594),Kris Bryant,43854594,3B/OF,2000,LAD@COL 08/17/2026 08:40PM ET,COL,0
,,,,,,,,,,,2B/OF,Tyler Fitzgerald (43854597),Tyler Fitzgerald,43854597,2B/OF,2000,LAD@COL 08/17/2026 08:40PM ET,LAD,0
,,,,,,,,,,,2B/3B,Chad Stevens (43854600),Chad Stevens,43854600,2B/3B,2000,LAD@COL 08/17/2026 08:40PM ET,COL,1.31
,,,,,,,,,,,2B,Alex Freeland (43854604),Alex Freeland,43854604,2B,2000,LAD@COL 08/17/2026 08:40PM ET,LAD,4.38
,,,,,,,,,,,2B,Ryan Ritter (43854622),Ryan Ritter,43854622,2B,2000,LAD@COL 08/17/2026 08:40PM ET,COL,0.83
,,,,,,,,,,,OF,Brent Rooker (43854592),Brent Rooker,43854592,OF,2000,ATH@KC 08/17/2026 07:40PM ET,ATH,7
,,,,,,,,,,,SS,Darell Hernaiz (43854603),Darell Hernaiz,43854603,SS,2000,ATH@KC 08/17/2026 07:40PM ET,ATH,3.77
,,,,,,,,,,,OF,Denzel Clarke (43854609),Denzel Clarke,43854609,OF,2000,ATH@KC 08/17/2026 07:40PM ET,ATH,3.04
,,,,,,,,,,,OF,Matthew Lugo (43854617),Matthew Lugo,43854617,OF,2000,ATH@KC 08/17/2026 07:40PM ET,KC,0
,,,,,,,,,,,OF,Trei Cruz (43854498),Trei Cruz,43854498,OF,2000,DET@PIT 08/17/2026 07:05PM ET,DET,0
,,,,,,,,,,,SS,Jack Brannigan (43854502),Jack Brannigan,43854502,SS,2000,DET@PIT 08/17/2026 07:05PM ET,PIT,0
,,,,,,,,,,,OF,Robert Hassell III (43854570),Robert Hassell III,43854570,OF,2000,DET@PIT 08/17/2026 07:05PM ET,PIT,0
,,,,,,,,,,,OF,Johnathan Rodriguez (43854571),Johnathan Rodriguez,43854571,OF,2000,DET@PIT 08/17/2026 07:05PM ET,PIT,2.57
,,,,,,,,,,,C,Thayron Liranzo (43854587),Thayron Liranzo,43854587,C,2000,DET@PIT 08/17/2026 07:05PM ET,DET,0
,,,,,,,,,,,1B/3B,Nick Yorke (43854607),Nick Yorke,43854607,1B/3B,2000,DET@PIT 08/17/2026 07:05PM ET,PIT,4.18
,,,,,,,,,,,3B,Jace Jung (43854624),Jace Jung,43854624,3B,2000,DET@PIT 08/17/2026 07:05PM ET,DET,3
,,,,,,,,,,,OF,Brett Callahan (43859357),Brett Callahan,43859357,OF,2000,DET@PIT 08/17/2026 07:05PM ET,DET,14
,,,,,,,,,,,2B/3B,James Triantos (43854499),James Triantos,43854499,2B/3B,2000,CWS@CHC 08/17/2026 08:05PM ET,CHC,1.29
,,,,,,,,,,,C,Edgar Quero (43854563),Edgar Quero,43854563,C,2000,CWS@CHC 08/17/2026 08:05PM ET,CWS,3.82
,,,,,,,,,,,3B/OF,Tanner Murray (43854566),Tanner Murray,43854566,3B/OF,2000,CWS@CHC 08/17/2026 08:05PM ET,CWS,3.15
,,,,,,,,,,,1B/OF,Tyler Austin (43854585),Tyler Austin,43854585,1B/OF,2000,CWS@CHC 08/17/2026 08:05PM ET,CHC,0
,,,,,,,,,,,OF,Junior Perez (43854612),Junior Perez,43854612,OF,2000,CWS@CHC 08/17/2026 08:05PM ET,CWS,2.86
,,,,,,,,,,,OF,Rikuu Nishida (43854615),Rikuu Nishida,43854615,OF,2000,CWS@CHC 08/17/2026 08:05PM ET,CWS,2.58
,,,,,,,,,,,OF,Justin Dean (43854620),Justin Dean,43854620,OF,2000,CWS@CHC 08/17/2026 08:05PM ET,CHC,2.06
,,,,,,,,,,,OF,Kevin Alcantara (43854623),Kevin Alcantara,43854623,OF,2000,CWS@CHC 08/17/2026 08:05PM ET,CHC,2.2
,,,,,,,,,,,OF,Cristian Pache (43854501),Cristian Pache,43854501,OF,2000,SD@NYM 08/17/2026 07:10PM ET,NYM,0.33
,,,,,,,,,,,OF,Ramon Laureano (43854572),Ramon Laureano,43854572,OF,2000,SD@NYM 08/17/2026 07:10PM ET,SD,6.58
,,,,,,,,,,,3B/OF,Andy Ibanez (43854573),Andy Ibanez,43854573,3B/OF,2000,SD@NYM 08/17/2026 07:10PM ET,NYM,1.43
,,,,,,,,,,,2B/3B,Gage Workman (43854575),Gage Workman,43854575,2B/3B,2000,SD@NYM 08/17/2026 07:10PM ET,SD,3.61
,,,,,,,,,,,2B/SS,Mason McCoy (43854577),Mason McCoy,43854577,2B/SS,2000,SD@NYM 08/17/2026 07:10PM ET,SD,0
,,,,,,,,,,,C,Shawn Ross (43854583),Shawn Ross,43854583,C,2000,SD@NYM 08/17/2026 07:10PM ET,NYM,8
,,,,,,,,,,,2B/3B,Christian Arroyo (43854589),Christian Arroyo,43854589,2B/3B,2000,SD@NYM 08/17/2026 07:10PM ET,NYM,0
,,,,,,,,,,,1B,Eric Wagaman (43854606),Eric Wagaman,43854606,1B,2000,SD@NYM 08/17/2026 07:10PM ET,NYM,2.78
,,,,,,,,,,,OF,Nick Morabito (43854611),Nick Morabito,43854611,OF,2000,SD@NYM 08/17/2026 07:10PM ET,NYM,0.4
,,,,,,,,,,,C,Hayden Senger (43854613),Hayden Senger,43854613,C,2000,SD@NYM 08/17/2026 07:10PM ET,NYM,3
,,,,,,,,,,,2B,Will Wagner (43854616),Will Wagner,43854616,2B,2000,SD@NYM 08/17/2026 07:10PM ET,SD,3.69
,,,,,,,,,,,SS,Ronny Mauricio (43854618),Ronny Mauricio,43854618,SS,2000,SD@NYM 08/17/2026 07:10PM ET,NYM,2.82
,,,,,,,,,,,C,Rodolfo Duran (43854621),Rodolfo Duran,43854621,C,2000,SD@NYM 08/17/2026 07:10PM ET,SD,2.90
,,,,,,,,,,,C,Blake Hunt (43854625),Blake Hunt,43854625,C,2000,SD@NYM 08/17/2026 07:10PM ET,SD,0
