player_id,name,team,position,is_pitcher,salary,proj,ceiling,value,team_total,batting_order,utility,ownership,mean,sd,p10,p90
1312758,Nolan McLean,NYM,P,True,9800,15.265020370483398,28.049999237060547,1.5576551398452447,4.05197919141227,0,6.450180377587954,0.13657503557463113,15.26502,10.4182205,1.600000023841858,28.049999237060547
597786,Blake Snell,LAD,P,True,9000,15.152554512023926,29.100000381469727,1.6836171680026584,5.941916607319773,0,6.755560415013267,0.23019370003675696,15.1525545,11.209615,-0.05000000074505806,29.100000381469727
907357,Shota Imanaga,CHC,P,True,8500,15.127914428710938,27.899999618530273,1.779754638671875,4.176410710056753,0,6.1271949107278205,0.1406075177516523,15.127914,10.249861,1.445000040531163,27.899999618530273
727378,Shohei Ohtani,LAD,1B,False,7000,14.922249794006348,30.0,2.1317499705723355,5.941916607319773,1,3.1773522612167304,0.24672275229299798,14.92225,10.955712,2.0,30.0
873146,Framber Valdez,DET,P,True,7500,13.839949607849121,26.75,1.8453266143798828,4.249737589424676,0,5.835073056981907,0.13764587154798938,13.83995,10.401453,-0.05000000074505806,26.75
621625,Michael Wacha,KC,P,True,8800,12.932746887207031,25.0,1.469630328091708,4.763198808584929,0,5.766928619706681,0.09041914829182908,12.932747,9.759086,-0.05000000074505806,25.0
455689,Martin Perez,ATL,P,True,7300,12.766205787658691,25.100000381469727,1.748795313377903,4.593369744322581,0,5.487113234238347,0.10260545973418397,12.766206,10.115819,-1.0,25.100000381469727
390291,Freddie Freeman,LAD,1B,False,6200,11.957625389099121,25.0,1.9286492563063098,5.941916607319773,2,2.4719635665888298,0.16140800805669508,11.957625,9.217701,2.0,25.0
657487,Luis Castillo,CWS,P,True,7800,11.656925201416016,25.100000381469727,1.4944775899251301,3.8235892899432473,0,6.048256941500254,0.15705845008937946,11.656925,10.63335,-3.0,25.100000381469727
1115821,Carmen Mlodzinski,PIT,P,True,6300,11.217206001281738,23.899999618530273,1.7805088890923395,4.250262410575324,0,5.272895117144643,0.1085821113598709,11.217206,10.066215,-2.3499999046325684,23.899999618530273
1118137,Andy Pages,LAD,OF,False,5600,10.901874542236328,23.0,1.9467633111136302,5.941916607319773,3,3.309037110266378,0.24316783890796909,10.901875,9.388848,0.0,23.0
658292,Walker Buehler,SD,P,True,6500,10.817984580993652,23.700000762939453,1.6643053201528697,3.9480208085877297,0,5.417720905086795,0.11888608102989542,10.817985,10.29758,-3.25,23.700000762939453
657863,Matt Olson,ATL,1B,False,5300,10.410625457763672,23.0,1.9642689542950325,4.593369744322581,3,1.2595702959773554,0.06587330475468042,10.410625,9.340745,0.0,23.0
503373,Max Muncy,LAD,3B,False,5700,10.058500289916992,23.0,1.7646491736696477,5.941916607319773,4,3.2104824576866813,0.3033182011899014,10.0585,9.260802,0.0,23.0
597889,Mookie Betts,LAD,SS,False,4900,9.911499977111816,22.0,2.022755097369758,5.941916607319773,5,2.906566440835266,0.17942700485015234,9.9115,8.703396,0.0,22.0
1397116,Drake Baldwin,ATL,C,False,5000,9.892874717712402,22.0,1.9785749435424804,4.593369744322581,1,2.297848218513198,0.06981454934839718,9.892875,8.509403,0.0,22.0
877503,Ronald Acuna Jr.,ATL,OF,False,5800,9.841875076293945,22.0,1.6968750131541286,4.593369744322581,2,2.344554233119889,0.08560772498723934,9.841875,8.691412,0.0,22.0
596861,Teoscar Hernandez,LAD,OF,False,4600,9.83275032043457,23.0,2.1375544174857763,5.941916607319773,8,2.7820626080903867,0.21362985991217343,9.83275,9.076327,0.0,23.0
1177472,Hunter Goodman,COL,C,False,5900,9.830124855041504,22.0,1.6661228567866955,4.891416726013561,3,2.8534495691134607,0.08182070140664537,9.830125,8.865897,0.0,22.0
874240,Kyle Tucker,LAD,OF,False,5100,9.739624977111816,21.0,1.9097303876689837,5.941916607319773,6,2.869783932615837,0.19118326466829436,9.739625,8.33362,0.0,21.0
1397535,Mason Barnett,ATH,P,True,6000,9.724977493286133,22.850000381469727,1.6208295822143555,4.236801191415071,0,5.345163887543744,0.1265991173252431,9.7249775,10.467225,-5.050000190734863,22.850000381469727
1169820,Alec Gamboa,BOS,P,True,4000,9.646541595458984,22.850000381469727,2.411635398864746,4.6120562667741,0,4.420246691337482,0.08629534287642426,9.646542,10.369024,-4.849999904632568,22.850000381469727
1169588,Corbin Carroll,ARI,OF,False,5300,9.506875038146973,21.0,1.793750007197542,4.3879437332259,2,1.9312644444285267,0.06907683819928769,9.506875,8.35932,0.0,21.0
508176,Willson Contreras,BOS,1B,False,4700,9.290249824523926,21.0,1.9766488988348778,4.6120562667741,4,0.893770180993347,0.05641455947852009,9.29025,8.076934,0.0,21.0
918555,Bailey Ober,MIN,P,True,7000,9.252140045166016,22.15499973297121,1.3217342921665736,4.4066302556774195,0,5.527394327416224,0.11586460741016501,9.25214,10.318863,-5.150000095367432,22.15499973297121
875378,Jake McCarthy,COL,OF,False,5300,9.147500038146973,20.0,1.7259434034239571,4.891416726013561,1,2.1924743041029373,0.08969628404894572,9.1475,7.822724,0.0,20.0
597026,Ketel Marte,ARI,2B,False,4800,9.078874588012695,21.0,1.8914322058359783,4.3879437332259,4,1.7112349644941678,0.05590247095352592,9.078875,8.866463,0.0,21.0
1316763,Mitch Bratt,ARI,P,True,6700,9.074341773986816,22.25,1.3543793692517636,4.3879437332259,0,5.563106731897566,0.1302407720384651,9.074342,10.489265,-5.704999828338618,22.25
1097121,Munetaka Murakami,CWS,1B,False,5400,9.068249702453613,21.0,1.6793055004543727,3.8235892899432473,2,0.7111590730475259,0.036751891615921274,9.06825,8.861648,0.0,21.0
1216739,Pete Crow-Armstrong,CHC,OF,False,6500,9.052749633789062,21.0,1.392730712890625,4.176410710056753,1,2.2282805480090824,0.05770100517032517,9.05275,8.446271,0.0,21.0
1169451,Bobby Witt Jr.,KC,SS,False,6000,8.922249794006348,20.0,1.4870416323343914,4.763198808584929,2,2.404122112312753,0.06814238558156849,8.92225,7.7214856,0.0,20.0
657851,Byron Buxton,MIN,OF,False,5200,8.9037504196167,21.0,1.7122596960801344,4.4066302556774195,2,1.8578405290038493,0.06678926179051814,8.90375,8.507898,0.0,21.0
1118303,Ceddanne Rafaela,BOS,OF,False,4500,8.866374969482422,20.0,1.9703055487738714,4.6120562667741,2,1.666351340496903,0.07284110118644041,8.866375,8.09161,0.0,20.0
1061668,Wilyer Abreu,BOS,OF,False,5100,8.829625129699707,20.0,1.7312990450391583,4.6120562667741,3,1.90024908915774,0.0725080525568811,8.829625,7.807498,0.0,20.0
1053498,Gabriel Moreno,ARI,C,False,4300,8.798624992370605,19.0,2.0461918586908387,4.3879437332259,3,1.6316983267472176,0.04883283999975821,8.798625,7.7402964,0.0,19.0
1452120,Cole Carrigg,COL,SS,False,4800,8.732125282287598,19.0,1.8191927671432495,4.891416726013561,2,1.914188937677958,0.06938908472132316,8.732125,7.135747,0.0,19.0
873704,Tommy Edman,LAD,2B,False,4700,8.686875343322754,20.0,1.848271349643139,5.941916607319773,7,2.367453348542417,0.11290087401753929,8.686875,7.859688,0.0,20.0
1316948,Carter Jensen,KC,C,False,4500,8.64162540435791,20.0,1.9203612009684246,4.763198808584929,1,1.967839223295455,0.06257344172909023,8.641625,7.8143225,0.0,20.0
1389115,Esmerlyn Valdez,PIT,OF,False,4100,8.58637523651123,20.0,2.094237862563715,4.250262410575324,2,1.2427947066709104,0.05590818189175082,8.586375,7.8758144,0.0,20.0
1053474,Geraldo Perdomo,ARI,SS,False,4100,8.465999603271484,18.0,2.064877952017435,4.3879437332259,1,1.2120870192864455,0.04624706166828245,8.466,7.1393,0.0,18.0
1452103,Kevin McGonigle,DET,SS,False,5000,8.416999816894531,18.0,1.6833999633789063,4.249737589424676,2,1.4950806416033295,0.041927588925173155,8.417,6.7934127,0.0,18.0
1169617,Michael Harris II,ATL,OF,False,4500,8.377875328063965,20.0,1.8617500729031033,4.593369744322581,4,1.6158867888343527,0.06925641810319341,8.377875,8.254134,0.0,20.0
1316876,Jac Caglianone,KC,1B,False,5000,8.358124732971191,20.0,1.6716249465942383,4.763198808584929,3,0.9690757197028528,0.0547422471077439,8.358125,7.8894086,0.0,20.0
1120962,Miguel Vargas,CWS,3B,False,5200,8.345375061035156,20.0,1.6048798194298377,3.8235892899432473,3,1.1333205957046055,0.04643914723375982,8.345375,8.38232,0.0,20.0
1115762,Vinnie Pasquantino,KC,1B,False,4000,8.319125175476074,19.0,2.0797812938690186,4.763198808584929,5,0.5724341292411536,0.052316807542568414,8.319125,7.622881,0.0,19.0
500816,Nolan Arenado,ARI,3B,False,4000,8.288249969482422,19.0,2.0720624923706055,4.3879437332259,5,1.0197877846799912,0.06707848426929118,8.28825,7.9613237,0.0,19.0
597754,Francisco Lindor,NYM,SS,False,4500,8.287375450134277,19.0,1.8416389889187283,4.05197919141227,2,1.197717348035619,0.03848520249753115,8.287375,7.6547184,0.0,19.0
1216745,Dillon Dingler,DET,C,False,5500,8.216625213623047,19.0,1.493931857022372,4.249737589424676,3,2.0340872861649673,0.0430160800630926,8.216625,7.747942,0.0,19.0
1159671,Michael Busch,CHC,1B,False,4500,8.181750297546387,19.0,1.818166732788086,4.176410710056753,3,0.4305094124028616,0.03808159933107625,8.18175,7.9257307,0.0,19.0
500734,Randal Grichuk,CWS,OF,False,3100,8.047249794006348,20.0,2.5958870303246284,3.8235892899432473,4,0.520591564250762,0.040405870615786064,8.04725,8.309576,0.0,20.0
830359,Andruw Monasterio,BOS,SS,False,3300,8.009750366210938,18.0,2.4271970806699814,4.6120562667741,7,0.9389463490071477,0.04938102026235916,8.00975,7.3311715,0.0,18.0
830372,Gleyber Torres,DET,2B,False,4100,8.005749702453613,17.0,1.952621878647223,4.249737589424676,1,0.9880267866401224,0.0376067339431624,8.00575,6.6598425,0.0,17.0
1169919,Nick Sogard,BOS,2B,False,3100,7.9710001945495605,17.0,2.571290385338568,4.6120562667741,1,0.7204605435811486,0.045899276233963233,7.971,6.5914865,0.0,17.0
1318479,TJ Rumfield,COL,1B,False,4800,7.949749946594238,18.0,1.6561979055404663,4.891416726013561,5,0.8465399411952952,0.05195431006397441,7.94975,6.836667,0.0,18.0
830274,Willi Castro,COL,2B,False,4400,7.921999931335449,18.0,1.8004545298489656,4.891416726013561,4,1.525605897897082,0.055964216807978626,7.922,7.259015,0.0,18.0
503161,Mike Yastrzemski,ATL,OF,False,3000,7.868249893188477,19.0,2.6227499643961587,4.593369744322581,7,0.8863340352062005,0.06061026735019594,7.86825,7.592715,0.0,19.0
1397618,Chase Meidroth,CWS,2B,False,3900,7.813499927520752,18.0,2.0034615198771157,3.8235892899432473,1,0.7042634486062302,0.031086892992859657,7.8135,7.2238607,0.0,18.0
1118818,Ryan Jeffers,MIN,C,False,4700,7.729000091552734,17.0,1.6444681045856882,4.4066302556774195,3,1.6261667571949359,0.0407096623772777,7.729,6.7037525,0.0,17.0
919910,Fernando Tatis Jr.,SD,OF,False,5400,7.715624809265137,18.0,1.4288194091231734,3.9480208085877297,1,1.3822230750755156,0.03833760864856716,7.715625,6.946001,0.0,18.0
1119376,Hunter Feduccia,LAD,C,False,2900,7.635250091552734,18.0,2.6328448591561155,5.941916607319773,9,1.6898991188783838,0.09596896182114271,7.63525,7.0425196,0.0,18.0
1218036,Colt Keith,DET,3B,False,3300,7.624750137329102,17.0,2.3105303446451826,4.249737589424676,4,0.4798356029646759,0.051761275092052875,7.62475,6.774168,0.0,17.0
918713,Adley Rutschman,BOS,C,False,4000,7.585999965667725,17.0,1.8964999914169312,4.6120562667741,5,1.4224053553828904,0.045214352290325145,7.586,6.971673,0.0,17.0
659419,Alex Bregman,CHC,3B,False,4900,7.57212495803833,18.0,1.545331624089455,4.176410710056753,4,1.108875790066209,0.05111159235568692,7.572125,7.403402,0.0,18.0
1053355,Maikel Garcia,KC,SS,False,4200,7.545000076293945,17.0,1.7964285895937964,4.763198808584929,4,1.374525502871326,0.05214862440326167,7.545,6.6887364,0.0,17.0
876140,Ty France,SD,1B,False,3900,7.531750202178955,18.0,1.9312180005587065,3.9480208085877297,4,0.013237196507360702,0.030977251331524062,7.53175,7.2335863,0.0,18.0
1519326,Carson Benge,NYM,OF,False,4000,7.5295000076293945,17.0,1.8823750019073486,4.05197919141227,4,0.8340817716792934,0.03865764477173826,7.5295,6.9069924,0.0,17.0
1318620,Caleb Durbin,BOS,3B,False,3500,7.527124881744385,17.0,2.150607109069824,4.6120562667741,6,0.771294296390624,0.06393660752257138,7.527125,6.928228,0.0,17.0
1169963,Jordan Beck,COL,OF,False,3000,7.501625061035156,17.0,2.5005416870117188,4.891416726013561,6,0.9566230420041589,0.0650237972052194,7.501625,7.097567,0.0,17.0
917949,Bo Bichette,NYM,3B,False,4300,7.44474983215332,17.0,1.731337170268214,4.05197919141227,3,0.7139057490109815,0.04380149572084153,7.44475,6.6230845,0.0,17.0
1120220,Zack Gelof,ATH,3B,False,4500,7.420374870300293,18.0,1.6489721934000652,4.236801191415071,4,0.9823347936267663,0.05287275179934517,7.420375,7.463672,0.0,18.0
727362,Seiya Suzuki,CHC,OF,False,5500,7.408874988555908,19.0,1.3470681797374378,4.176410710056753,2,1.6035135960251454,0.045969362182762014,7.408875,8.1089525,0.0,19.0
1454912,A.J. Ewing,NYM,OF,False,3800,7.385749816894531,17.0,1.943618372866982,4.05197919141227,1,0.7441887051316325,0.03825770517280057,7.38575,6.6801558,0.0,17.0
1452073,Jacob Wilson,ATH,SS,False,4200,7.372250080108643,17.0,1.7552976381211054,4.236801191415071,2,1.0127523531323555,0.03631840558456042,7.37225,6.772855,0.0,17.0
827194,Ian Happ,CHC,OF,False,4300,7.353750228881836,18.0,1.7101744718329852,4.176410710056753,5,1.0738090678461325,0.0436076066064994,7.35375,7.572325,0.0,18.0
392995,Salvador Perez,KC,C,False,3300,7.307125091552734,19.0,2.214280330773556,4.763198808584929,6,1.2334080894250534,0.05096442277783757,7.307125,7.8354316,0.0,19.0
1055003,Luis Campusano,SD,C,False,3200,7.242499828338623,17.0,2.2632811963558197,3.9480208085877297,6,0.6260667015777863,0.029017175361631124,7.2425,6.8113966,0.0,17.0
548155,Manny Machado,SD,3B,False,4700,7.218124866485596,18.0,1.5357712481884245,3.9480208085877297,3,0.8300722906438347,0.04190548483425646,7.218125,7.483973,0.0,18.0
1055396,Jared Young,NYM,1B,False,2700,7.179749965667725,18.0,2.659166653951009,4.05197919141227,6,-0.41976632882810183,0.03062564748935251,7.17975,7.158809,0.0,18.0
874756,Austin Riley,ATL,3B,False,3900,7.151625156402588,18.0,1.8337500401032276,4.593369744322581,8,0.938123676574882,0.06434786008804479,7.151625,7.441231,0.0,18.0
873683,Bryan Reynolds,PIT,OF,False,4900,7.131875038146973,16.0,1.4554847016626473,4.250262410575324,3,1.2412834506470547,0.0406185754569898,7.131875,6.5770307,0.0,16.0
830219,Ozzie Albies,ATL,2B,False,4200,7.096250057220459,18.0,1.689583346957252,4.593369744322581,6,1.148154649664111,0.042124425277231,7.09625,7.2114496,0.0,18.0
1452631,Luke Keaschall,MIN,OF,False,3400,7.08537483215332,16.0,2.0839337741627415,4.4066302556774195,1,0.7520280522937524,0.04520335577098685,7.085375,6.2181573,0.0,16.0
709024,Jeff McNeil,ATH,2B,False,3300,7.079124927520752,16.0,2.1451893719759854,4.236801191415071,1,0.4719583788962575,0.03260875111034968,7.079125,6.6015787,0.0,16.0
738478,Eli White,BOS,OF,False,2400,7.062125205993652,18.0,2.942552169164022,4.6120562667741,9,0.5512663401906832,0.05502992387714634,7.062125,7.230648,0.0,18.0
1118903,Lawrence Butler,ATH,OF,False,3500,7.047249794006348,17.0,2.0134999411446706,4.236801191415071,3,0.7247074808547105,0.04227111558250542,7.04725,7.081585,0.0,17.0
1405569,Rafael Flores Jr.,PIT,C,False,3000,6.901500225067139,17.0,2.3005000750223794,4.250262410575324,6,0.6795219055348218,0.033433089455308464,6.9015,6.880335,0.0,17.0
1052845,Jared Triolo,PIT,SS,False,2400,6.855500221252441,15.0,2.8564584255218506,4.250262410575324,1,0.12050858784031761,0.03188628179736378,6.8555,6.0259347,0.0,15.0
738378,Mauricio Dubon,ATL,SS,False,3200,6.854125022888184,17.0,2.1419140696525574,4.593369744322581,5,0.7877514684873275,0.044287827953025216,6.854125,6.86253,0.0,17.0
918435,Carlos Cortes,ATH,OF,False,3100,6.843249797821045,16.0,2.2074999347809823,4.236801191415071,5,0.5008019068418307,0.0396141124301673,6.84325,6.7030544,0.0,16.0
1289818,Hao-Yu Lee,DET,2B,False,2900,6.824124813079834,16.0,2.3531464872689085,4.249737589424676,6,0.2221354689683941,0.03061502087004321,6.824125,6.7198305,0.0,16.0
829797,Gavin Sheets,SD,OF,False,2700,6.803500175476074,18.0,2.519814879805953,3.9480208085877297,7,0.19869183569723226,0.03433146756637478,6.8035,7.2029753,0.0,18.0
918920,Zach McKinstry,DET,OF,False,2800,6.750249862670898,16.0,2.410803522382464,4.249737589424676,5,0.38501892027030743,0.039751305790001454,6.75025,6.4849057,0.0,16.0
1316945,Jackson Merrill,SD,OF,False,4300,6.711249828338623,17.0,1.560755774032238,3.9480208085877297,5,0.8186154340923513,0.03378571110848477,6.71125,7.2874265,0.0,17.0
1177611,Tim Tawa,ARI,1B,False,2900,6.67912483215332,16.0,2.3031464938459725,4.3879437332259,7,-0.302501213501881,0.03209942835034927,6.679125,6.6533246,0.0,16.0
857694,Jake Cronenworth,SD,2B,False,2800,6.658249855041504,15.0,2.377946376800537,3.9480208085877297,2,-0.009868547392817131,0.025436114542766737,6.65825,6.2094717,0.0,15.0
1157240,Francisco Alvarez,NYM,C,False,3500,6.606625080108643,16.0,1.8876071657453264,4.05197919141227,9,0.7104968890747643,0.0276607266592931,6.606625,6.8202,0.0,16.0
1455186,Brett Callahan,DET,OF,False,2000,6.605500221252441,16.0,3.3027501106262207,4.249737589424676,7,0.014147274841801116,0.03770320257005056,6.6055,6.450506,0.0,16.0
1123331,Ezequiel Tovar,COL,SS,False,3100,6.59737491607666,16.0,2.1281854567989225,4.891416726013561,8,0.8182784551618824,0.047635366190508184,6.597375,6.626504,0.0,16.0
1115772,Isaac Collins,KC,OF,False,3000,6.586625099182129,15.0,2.1955416997273765,4.763198808584929,8,0.6959441062448998,0.05010267390298482,6.586625,6.0650916,0.0,15.0
1316813,Connor Norby,COL,2B,False,3200,6.584000110626221,16.0,2.057500034570694,4.891416726013561,7,0.6875147987081854,0.042386094877061846,6.584,6.425004,0.0,16.0
659038,Donovan Walton,ATH,SS,False,3000,6.5748748779296875,16.0,2.191624959309896,4.236801191415071,7,0.3419849630603623,0.030864930097976282,6.574875,6.3248544,0.0,16.0
504705,Ildemaro Vargas,ARI,2B,False,3700,6.571750164031982,17.0,1.7761486929816168,4.3879437332259,6,0.7012280006759583,0.03402574104962093,6.57175,7.4543467,0.0,17.0
1051903,Luis Robert Jr.,NYM,OF,False,3400,6.512125015258789,16.0,1.9153308868408203,4.05197919141227,5,0.4676918368296406,0.03401613977814148,6.512125,6.6274247,0.0,16.0
597768,Josh Bell,MIN,1B,False,3600,6.4826250076293945,17.0,1.8007291687859428,4.4066302556774195,4,0.03221480154168345,0.03507988079719038,6.482625,6.7690105,0.0,17.0
1519330,Ryan Waldschmidt,ARI,OF,False,3000,6.470375061035156,15.0,2.1567916870117188,4.3879437332259,9,0.4333715527970739,0.03853249165760366,6.470375,6.2924185,0.0,15.0
1159695,Nick Gonzales,PIT,2B,False,3400,6.467249870300293,14.0,1.902132314794204,4.250262410575324,4,0.35646428263478597,0.027726907975685357,6.46725,5.7884064,0.0,14.0
1452068,Max Clark,DET,OF,False,3800,6.451499938964844,16.0,1.6977631418328536,4.249737589424676,8,0.7038988502232577,0.0367469462696735,6.4515,6.474948,0.0,16.0
1054963,Royce Lewis,MIN,2B,False,4500,6.404624938964844,16.0,1.423249986436632,4.4066302556774195,5,1.0603691173875318,0.03354180174045239,6.404625,6.705228,0.0,16.0
874181,Brandon Lowe,PIT,2B,False,5100,6.34012508392334,16.0,1.2431617811614393,4.250262410575324,5,1.2487195656825856,0.03060132915801457,6.340125,6.910547,0.0,16.0
1115910,Michael Massey,KC,2B,False,3600,6.339125156402588,16.0,1.7608680990007188,4.763198808584929,7,0.7809281882557827,0.03860959272360509,6.339125,6.4059086,0.0,16.0
1316827,Braden Montgomery,CWS,OF,False,3800,6.3313751220703125,16.0,1.6661513479132402,3.8235892899432473,5,0.4567315964039084,0.02869973455259148,6.331375,6.7386613,0.0,16.0
876200,Kody Clemens,MIN,2B,False,4600,6.31374979019165,17.0,1.3725543022155762,4.4066302556774195,6,1.1061530436460618,0.03351165048548304,6.31375,7.111245,0.0,17.0
548087,Jorge Polanco,NYM,2B,False,2100,6.291749954223633,16.0,2.9960714067731584,4.05197919141227,8,-0.2986007069951219,0.026422622633072712,6.29175,6.9171968,0.0,16.0
1396586,Henry Bolte,ATH,OF,False,3400,6.2648749351501465,15.0,1.8426102750441609,4.236801191415071,6,0.47208604354487843,0.034165942619260425,6.264875,6.0100346,0.0,15.0
1381620,Pedro Ramirez,CHC,2B,False,3800,6.1867499351501465,15.0,1.628092088197407,4.176410710056753,8,0.48391089949077537,0.026130859713010986,6.18675,6.381421,0.0,15.0
1052880,Mickey Gasper,BOS,C,False,2600,6.176624774932861,15.0,2.3756249134357157,4.6120562667741,8,0.5430758881105601,0.03479612719416837,6.176625,6.1121736,0.0,15.0
1169634,Brenton Doyle,CWS,OF,False,3300,6.156875133514404,16.0,1.8657197374286074,3.8235892899432473,6,0.19637356194300074,0.026984525869329336,6.156875,6.707539,0.0,16.0
1299470,Adael Amador,COL,2B,False,2700,6.116250038146973,15.0,2.265277791906286,4.891416726013561,9,0.35832360628070586,0.03851490836319343,6.11625,6.3170958,0.0,15.0
546772,Marcus Semien,NYM,2B,False,3400,6.099874973297119,16.0,1.7940808744991528,4.05197919141227,7,0.2807429219997085,0.025704909071414275,6.099875,6.667311,0.0,16.0
1519345,Kaelen Culpepper,MIN,SS,False,2700,6.098124980926514,16.0,2.2585648077505605,4.4066302556774195,8,0.2906446586183632,0.0332913005631156,6.098125,6.5650597,0.0,16.0
1520208,Sam Antonacci,CWS,2B,False,4000,6.057125091552734,15.0,1.5142812728881836,3.8235892899432473,7,0.3734820379300084,0.021313094012120292,6.057125,6.2571144,0.0,15.0
1054429,Kyle Isbel,KC,OF,False,2500,5.946249961853027,14.0,2.378499984741211,4.763198808584929,9,0.399237294467167,0.04542675791157254,5.94625,6.0514975,0.0,14.0
597757,Javier Baez,DET,SS,False,3000,5.94112491607666,14.0,1.9803749720255535,4.249737589424676,9,0.19128679208077629,0.026547150605373045,5.941125,6.1349583,0.0,14.0
1054419,Jake Mangum,PIT,OF,False,3800,5.923500061035156,13.0,1.5588158055355674,4.250262410575324,7,0.5098270555982496,0.03026473982910109,5.9235,5.3914304,0.0,13.0
1170932,Brooks Lee,MIN,3B,False,3600,5.856625080108643,15.0,1.6268403000301785,4.4066302556774195,7,0.4154795762798557,0.043033243360715165,5.856625,6.316931,0.0,15.0
1455144,Jim Jarvis,ATL,SS,False,2600,5.787749767303467,14.0,2.2260576028090258,4.593369744322581,9,0.23922467786227256,0.03299033858246992,5.78775,6.329889,0.0,14.0
857231,Brian Serven,ATH,C,False,2800,5.787125110626221,16.0,2.0668303966522217,4.236801191415071,9,0.4415667581176947,0.02878325987289544,5.787125,6.6240883,0.0,16.0
550735,Xander Bogaerts,SD,SS,False,3200,5.657625198364258,14.0,1.7680078744888306,3.9480208085877297,8,0.052645247841510666,0.02123399966066527,5.657625,5.9738297,0.0,14.0
874230,Jake Rogers,CWS,C,False,2600,5.63462495803833,16.0,2.167163445399358,3.8235892899432473,9,0.11229230819788796,0.022617467662272146,5.634625,6.5226197,0.0,16.0
1316974,Tommy White,ATH,3B,False,2500,5.475500106811523,14.0,2.1902000427246096,4.236801191415071,8,-0.23034017666622225,0.035068457401854984,5.4755,5.8444643,0.0,14.0
1397424,Alan Roden,MIN,OF,False,2500,5.25600004196167,14.0,2.102400016784668,4.4066302556774195,9,0.10374844559616203,0.03380512654346948,5.256,5.674957,0.0,14.0
826671,Luis Rengifo,SD,OF,False,3500,5.249374866485596,13.0,1.499821390424456,3.9480208085877297,9,0.1348618249600816,0.02343564959879098,5.249375,5.459961,0.0,13.0
1217287,Nick Yorke,PIT,3B,False,2000,5.210875034332275,13.0,2.6054375171661377,4.250262410575324,8,-0.4905944403934953,0.03303508061192108,5.210875,5.583286,0.0,13.0
1054431,Nico Hoerner,CHC,2B,False,4300,5.043749809265137,14.0,1.172965071922125,4.176410710056753,6,0.55782925809037,0.02227843360101796,5.04375,5.8326807,0.0,14.0
709038,Michael Conforto,CHC,OF,False,3200,4.925624847412109,14.0,1.5392577648162842,4.176410710056753,7,0.1967238100973373,0.028088509643276943,4.925625,6.5008593,0.0,14.0
1176505,Henry Davis,PIT,C,False,2300,4.867000102996826,14.0,2.1160870013029682,4.250262410575324,9,0.05154476019307902,0.024295216136383423,4.867,5.9054656,0.0,14.0
1203734,Luisangel Acuna,CWS,SS,False,2500,4.7698750495910645,12.0,1.9079500198364259,3.8235892899432473,8,-0.5021472633546488,0.016398361442228233,4.769875,5.258129,0.0,12.0
727370,Tomoyuki Sugano,COL,P,True,5500,4.735942840576172,18.5,0.8610805164683949,4.891416726013561,0,5.496886762343705,0.1687072956767043,4.735943,10.487863,-9.550000190734863,18.5
1396989,Tyler Locklear,ARI,1B,False,2800,4.450250148773193,14.0,1.5893750531332835,4.3879437332259,8,-0.5806077983162224,0.02517531596354182,4.45025,6.4470954,0.0,14.0
917354,Miguel Amaya,CHC,C,False,3000,4.1852498054504395,14.0,1.3950832684834797,4.176410710056753,9,0.25927662254313266,0.021961717606701913,4.18525,6.2474046,0.0,14.0
1452639,Grant Taylor,CWS,P,True,5800,0.0,0.0,0.0,3.8235892899432473,0,-0.287003880715273,0.0015,0.0,0.0,0.0,0.0
1452064,Paul Skenes,PIT,P,True,9300,0.0,0.0,0.0,4.250262410575324,0,-0.16034341123343965,0.0015,0.0,0.0,0.0,0.0
1397669,Jonah Tong,NYM,P,True,5800,0.0,0.0,0.0,4.05197919141227,0,-0.287003880715273,0.0015,0.0,0.0,0.0,0.0
1055596,Juan Mejia,COL,P,True,4000,0.0,0.0,0.0,4.891416726013561,0,-0.3521435507345016,0.0015,0.0,0.0,0.0,0.0
1449247,Yunior Tur,ATH,P,True,6000,0.0,0.0,0.0,4.236801191415071,0,-0.2797661396020254,0.0015,0.0,0.0,0.0,0.0
1445327,Didier Fuentes,ATL,P,True,5800,0.0,0.0,0.0,4.593369744322581,0,-0.287003880715273,0.0015,0.0,0.0,0.0,0.0
1437189,Antwone Kelly,PIT,P,True,6300,0.0,0.0,0.0,4.250262410575324,0,-0.26890952793215395,0.0015,0.0,0.0,0.0,0.0
1405484,Braden Nett,ATH,P,True,4000,0.0,0.0,0.0,4.236801191415071,0,-0.3521435507345016,0.0015,0.0,0.0,0.0,0.0
1405041,David Morgan,SD,P,True,4000,0.0,0.0,0.0,3.9480208085877297,0,-0.3521435507345016,0.0015,0.0,0.0,0.0,0.0
1171147,Jake Bennett,BOS,P,True,7800,0.0,0.0,0.0,4.6120562667741,0,-0.2146264695827968,0.0015,0.0,0.0,0.0,0.0
1055409,Hunter Stratton,SD,P,True,4000,0.0,0.0,0.0,3.9480208085877297,0,-0.3521435507345016,0.0015,0.0,0.0,0.0,0.0
1055395,Ricky Vanasco,DET,P,True,4000,0.0,0.0,0.0,4.249737589424676,0,-0.3521435507345016,0.0015,0.0,0.0,0.0,0.0
1055285,JP Sears,SD,P,True,7200,0.0,0.0,0.0,3.9480208085877297,0,-0.23633969292253965,0.0015,0.0,0.0,0.0,0.0
1316909,Troy Melton,DET,P,True,9500,0.0,0.0,0.0,4.249737589424676,0,-0.15310567012019202,0.0015,0.0,0.0,0.0,0.0
1318231,Travis Adams,MIN,P,True,4000,0.0,0.0,0.0,4.4066302556774195,0,-0.3521435507345016,0.0015,0.0,0.0,0.0,0.0
1318239,Emmet Sheehan,LAD,P,True,8000,0.0,0.0,0.0,5.941916607319773,0,-0.20738872846954917,0.0015,0.0,0.0,0.0,0.0
1318242,Noah Cameron,KC,P,True,6800,0.0,0.0,0.0,4.763198808584929,0,-0.2508151751490349,0.0015,0.0,0.0,0.0,0.0
1316769,AJ Smith-Shawver,ATL,P,True,7300,0.0,0.0,0.0,4.593369744322581,0,-0.23272082236591585,0.0015,0.0,0.0,0.0,0.0
1316802,Gage Jump,ATH,P,True,7000,0.0,0.0,0.0,4.236801191415071,0,-0.24357743403578727,0.0015,0.0,0.0,0.0,0.0
1316874,Dylan Dodd,ATL,P,True,4000,0.0,0.0,0.0,4.593369744322581,0,-0.3521435507345016,0.0015,0.0,0.0,0.0,0.0
1316890,Mason Miller,SD,P,True,4000,0.0,0.0,0.0,3.9480208085877297,0,-0.3521435507345016,0.0015,0.0,0.0,0.0,0.0
1453555,Sean Sullivan,COL,P,True,5500,0.0,0.0,0.0,4.891416726013561,0,-0.29786049238514445,0.0015,0.0,0.0,0.0,0.0
1208101,Nate Lavender,NYM,P,True,4000,0.0,0.0,0.0,4.05197919141227,0,-0.3521435507345016,0.0015,0.0,0.0,0.0,0.0
1213511,Roki Sasaki,LAD,P,True,8000,0.0,0.0,0.0,5.941916607319773,0,-0.20738872846954917,0.0015,0.0,0.0,0.0,0.0
1177714,Bryce Elder,ATL,P,True,7300,0.0,0.0,0.0,4.593369744322581,0,-0.23272082236591585,0.0015,0.0,0.0,0.0,0.0
1176554,Nick Frasso,COL,P,True,4000,0.0,0.0,0.0,4.891416726013561,0,-0.3521435507345016,0.0015,0.0,0.0,0.0,0.0
1318223,Hayden Juenger,ATH,P,True,4000,0.0,0.0,0.0,4.236801191415071,0,-0.3521435507345016,0.0015,0.0,0.0,0.0,0.0
1397733,Zach Agnos,COL,P,True,5500,0.0,0.0,0.0,4.891416726013561,0,-0.29786049238514445,0.0015,0.0,0.0,0.0,0.0
1384275,Rolddy Munoz,ATL,P,True,4000,0.0,0.0,0.0,4.593369744322581,0,-0.3521435507345016,0.0015,0.0,0.0,0.0,0.0
1329315,Grant Hartwig,MIN,P,True,4000,0.0,0.0,0.0,4.4066302556774195,0,-0.3521435507345016,0.0015,0.0,0.0,0.0,0.0
1397601,Dylan Ray,ARI,P,True,5700,0.0,0.0,0.0,4.3879437332259,0,-0.2906227512718968,0.0015,0.0,0.0,0.0,0.0
1397594,Steven Zobac,KC,P,True,4000,0.0,0.0,0.0,4.763198808584929,0,-0.3521435507345016,0.0015,0.0,0.0,0.0,0.0
1397566,Andrew Morris,MIN,P,True,4000,0.0,0.0,0.0,4.4066302556774195,0,-0.3521435507345016,0.0015,0.0,0.0,0.0,0.0
1316895,Dylan Ross,NYM,P,True,4000,0.0,0.0,0.0,4.05197919141227,0,-0.3521435507345016,0.0015,0.0,0.0,0.0,0.0
1397533,David Sandlin,CWS,P,True,7800,0.0,0.0,0.0,3.8235892899432473,0,-0.2146264695827968,0.0015,0.0,0.0,0.0,0.0
1396603,Noah Schultz,CWS,P,True,6800,0.0,0.0,0.0,3.8235892899432473,0,-0.2508151751490349,0.0015,0.0,0.0,0.0,0.0
1396601,Owen Murphy,ATL,P,True,7300,0.0,0.0,0.0,4.593369744322581,0,-0.23272082236591585,0.0015,0.0,0.0,0.0,0.0
1396600,JR Ritchie,ATL,P,True,7300,0.0,0.0,0.0,4.593369744322581,0,-0.23272082236591585,0.0015,0.0,0.0,0.0,0.0
1401039,Hayden Harris,ATL,P,True,4000,0.0,0.0,0.0,4.593369744322581,0,-0.3521435507345016,0.0015,0.0,0.0,0.0,0.0
1398158,Duncan Davitt,ATL,P,True,4000,0.0,0.0,0.0,4.593369744322581,0,-0.3521435507345016,0.0015,0.0,0.0,0.0,0.0
1397880,Paul Gervase,LAD,P,True,4000,0.0,0.0,0.0,5.941916607319773,0,-0.3521435507345016,0.0015,0.0,0.0,0.0,0.0
1397847,Drew Sommers,DET,P,True,4000,0.0,0.0,0.0,4.249737589424676,0,-0.3521435507345016,0.0015,0.0,0.0,0.0,0.0
1397798,Kohl Drake,ARI,P,True,6700,0.0,0.0,0.0,4.3879437332259,0,-0.2544340457056587,0.0015,0.0,0.0,0.0,0.0
1171003,Connor Prielipp,MIN,P,True,7000,0.0,0.0,0.0,4.4066302556774195,0,-0.24357743403578727,0.0015,0.0,0.0,0.0,0.0
1397708,Zebby Matthews,MIN,P,True,7000,0.0,0.0,0.0,4.4066302556774195,0,-0.24357743403578727,0.0015,0.0,0.0,0.0,0.0
1397536,Tyler Schweitzer,CWS,P,True,4000,0.0,0.0,0.0,3.8235892899432473,0,-0.3521435507345016,0.0015,0.0,0.0,0.0,0.0
1316754,Christian Scott,NYM,P,True,7800,0.0,0.0,0.0,4.05197919141227,0,-0.2146264695827968,0.0015,0.0,0.0,0.0,0.0
1170435,Beau Brieske,DET,P,True,4000,0.0,0.0,0.0,4.249737589424676,0,-0.3521435507345016,0.0015,0.0,0.0,0.0,0.0
1170407,Hunter Barco,PIT,P,True,6300,0.0,0.0,0.0,4.250262410575324,0,-0.26890952793215395,0.0015,0.0,0.0,0.0,0.0
1170405,Jayden Murray,CHC,P,True,4000,0.0,0.0,0.0,4.176410710056753,0,-0.3521435507345016,0.0015,0.0,0.0,0.0,0.0
1170346,Taylor Rashi,ATH,P,True,4000,0.0,0.0,0.0,4.236801191415071,0,-0.3521435507345016,0.0015,0.0,0.0,0.0,0.0
1170292,Jack Weisenburger,NYM,P,True,4000,0.0,0.0,0.0,4.05197919141227,0,-0.3521435507345016,0.0015,0.0,0.0,0.0,0.0
1170050,Brandon Eisert,PIT,P,True,4000,0.0,0.0,0.0,4.250262410575324,0,-0.3521435507345016,0.0015,0.0,0.0,0.0,0.0
918949,Ryan Rolison,CHC,P,True,4000,0.0,0.0,0.0,4.176410710056753,0,-0.3521435507345016,0.0015,0.0,0.0,0.0,0.0
918878,Garrett Acton,MIN,P,True,4000,0.0,0.0,0.0,4.4066302556774195,0,-0.3521435507345016,0.0015,0.0,0.0,0.0,0.0
918484,Greg Weissert,BOS,P,True,4000,0.0,0.0,0.0,4.6120562667741,0,-0.3521435507345016,0.0015,0.0,0.0,0.0,0.0
1217250,Jared Jones,PIT,P,True,6300,0.0,0.0,0.0,4.250262410575324,0,-0.26890952793215395,0.0015,0.0,0.0,0.0,0.0
918414,Kyle Hart,SD,P,True,6500,0.0,0.0,0.0,3.9480208085877297,0,-0.26167178681890635,0.0015,0.0,0.0,0.0,0.0
918315,John Schreiber,KC,P,True,4000,0.0,0.0,0.0,4.763198808584929,0,-0.3521435507345016,0.0015,0.0,0.0,0.0,0.0
1176498,Mason Black,KC,P,True,5800,0.0,0.0,0.0,4.763198808584929,0,-0.287003880715273,0.0015,0.0,0.0,0.0,0.0
1175954,Brandon Pfaadt,ARI,P,True,7700,0.0,0.0,0.0,4.3879437332259,0,-0.2182453401394206,0.0015,0.0,0.0,0.0,0.0
657849,Huascar Brazoban,CWS,P,True,4000,0.0,0.0,0.0,3.8235892899432473,0,-0.3521435507345016,0.0015,0.0,0.0,0.0,0.0
922230,Trevor Richards,CWS,P,True,5800,0.0,0.0,0.0,3.8235892899432473,0,-0.287003880715273,0.0015,0.0,0.0,0.0,0.0
922200,Yohan Ramirez,PIT,P,True,4000,0.0,0.0,0.0,4.250262410575324,0,-0.3521435507345016,0.0015,0.0,0.0,0.0,0.0
920249,Javier Assad,CHC,P,True,7500,0.0,0.0,0.0,4.176410710056753,0,-0.22548308125266825,0.0015,0.0,0.0,0.0,0.0
1217260,Victor Mederos,ATL,P,True,5800,0.0,0.0,0.0,4.593369744322581,0,-0.287003880715273,0.0015,0.0,0.0,0.0,0.0
919392,Tommy Nance,MIN,P,True,4000,0.0,0.0,0.0,4.4066302556774195,0,-0.3521435507345016,0.0015,0.0,0.0,0.0,0.0
919012,Noah Murdock,PIT,P,True,4000,0.0,0.0,0.0,4.250262410575324,0,-0.3521435507345016,0.0015,0.0,0.0,0.0,0.0
918469,Raymond Burgos,BOS,P,True,4000,0.0,0.0,0.0,4.6120562667741,0,-0.3521435507345016,0.0015,0.0,0.0,0.0,0.0
1316914,Chayce McDermott,NYM,P,True,5800,0.0,0.0,0.0,4.05197919141227,0,-0.287003880715273,0.0015,0.0,0.0,0.0,0.0
1316923,Hagen Smith,CWS,P,True,4000,0.0,0.0,0.0,3.8235892899432473,0,-0.3521435507345016,0.0015,0.0,0.0,0.0,0.0
1284733,TJ Shook,COL,P,True,4000,0.0,0.0,0.0,4.891416726013561,0,-0.3521435507345016,0.0015,0.0,0.0,0.0,0.0
1290186,Juan Burgos,ARI,P,True,4000,0.0,0.0,0.0,4.3879437332259,0,-0.3521435507345016,0.0015,0.0,0.0,0.0,0.0
1299872,Wilber Dotel,PIT,P,True,6300,0.0,0.0,0.0,4.250262410575324,0,-0.26890952793215395,0.0015,0.0,0.0,0.0,0.0
1306205,Edgardo Henriquez,LAD,P,True,4000,0.0,0.0,0.0,5.941916607319773,0,-0.3521435507345016,0.0015,0.0,0.0,0.0,0.0
1310650,Jackson Jobe,DET,P,True,7500,0.0,0.0,0.0,4.249737589424676,0,-0.22548308125266825,0.0015,0.0,0.0,0.0,0.0
1311156,Jordan Wicks,CHC,P,True,6500,0.0,0.0,0.0,4.176410710056753,0,-0.26167178681890635,0.0015,0.0,0.0,0.0,0.0
1317003,Tanner McDougal,CWS,P,True,4000,0.0,0.0,0.0,3.8235892899432473,0,-0.3521435507345016,0.0015,0.0,0.0,0.0,0.0
1316954,Jonathan Cannon,CWS,P,True,6800,0.0,0.0,0.0,3.8235892899432473,0,-0.2508151751490349,0.0015,0.0,0.0,0.0,0.0
1316942,Sean Burke,CWS,P,True,8800,0.0,0.0,0.0,3.8235892899432473,0,-0.1784377640165587,0.0015,0.0,0.0,0.0,0.0
928510,Luis Medina,ATH,P,True,6000,0.0,0.0,0.0,4.236801191415071,0,-0.2797661396020254,0.0015,0.0,0.0,0.0,0.0
1218063,Eric Orze,MIN,P,True,4000,0.0,0.0,0.0,4.4066302556774195,0,-0.3521435507345016,0.0015,0.0,0.0,0.0,0.0
1320696,Kendry Rojas,MIN,P,True,7000,0.0,0.0,0.0,4.4066302556774195,0,-0.24357743403578727,0.0015,0.0,0.0,0.0,0.0
1318757,Tyler Uberstine,ATL,P,True,4000,0.0,0.0,0.0,4.593369744322581,0,-0.3521435507345016,0.0015,0.0,0.0,0.0,0.0
1318696,Alek Jacob,SD,P,True,4000,0.0,0.0,0.0,3.9480208085877297,0,-0.3521435507345016,0.0015,0.0,0.0,0.0,0.0
1318613,Tyler Samaniego,BOS,P,True,4000,0.0,0.0,0.0,4.6120562667741,0,-0.3521435507345016,0.0015,0.0,0.0,0.0,0.0
1318495,Ronan Kopp,LAD,P,True,4000,0.0,0.0,0.0,5.941916607319773,0,-0.3521435507345016,0.0015,0.0,0.0,0.0,0.0
1318416,Eduardo Rivera,BOS,P,True,5800,0.0,0.0,0.0,4.6120562667741,0,-0.287003880715273,0.0015,0.0,0.0,0.0,0.0
1318280,Garrett Hawkins,SD,P,True,4000,0.0,0.0,0.0,3.9480208085877297,0,-0.3521435507345016,0.0015,0.0,0.0,0.0,0.0
917973,Brenan Hanifee,DET,P,True,4000,0.0,0.0,0.0,4.249737589424676,0,-0.3521435507345016,0.0015,0.0,0.0,0.0,0.0
917971,Easton McGee,KC,P,True,4000,0.0,0.0,0.0,4.763198808584929,0,-0.3521435507345016,0.0015,0.0,0.0,0.0,0.0
917923,Braxton Garrett,CHC,P,True,6500,0.0,0.0,0.0,4.176410710056753,0,-0.26167178681890635,0.0015,0.0,0.0,0.0,0.0
1316924,Philip Abner,ARI,P,True,4000,0.0,0.0,0.0,4.3879437332259,0,-0.3521435507345016,0.0015,0.0,0.0,0.0,0.0
597784,Tyler Beede,CHC,P,True,4000,0.0,0.0,0.0,4.176410710056753,0,-0.3521435507345016,0.0015,0.0,0.0,0.0,0.0
594254,Kodai Senga,NYM,P,True,5800,0.0,0.0,0.0,4.05197919141227,0,-0.287003880715273,0.0015,0.0,0.0,0.0,0.0
578060,Colin Rea,CHC,P,True,7500,0.0,0.0,0.0,4.176410710056753,0,-0.22548308125266825,0.0015,0.0,0.0,0.0,0.0
552177,Merrill Kelly,ARI,P,True,6700,0.0,0.0,0.0,4.3879437332259,0,-0.2544340457056587,0.0015,0.0,0.0,0.0,0.0
1396597,Thomas Harrington,PIT,P,True,6300,0.0,0.0,0.0,4.250262410575324,0,-0.26890952793215395,0.0015,0.0,0.0,0.0,0.0
1396443,Gabriel Hughes,COL,P,True,5500,0.0,0.0,0.0,4.891416726013561,0,-0.29786049238514445,0.0015,0.0,0.0,0.0,0.0
1389893,Jose Cabrera,ARI,P,True,5700,0.0,0.0,0.0,4.3879437332259,0,-0.2906227512718968,0.0015,0.0,0.0,0.0,0.0
1389243,Henry Baez,ATH,P,True,4000,0.0,0.0,0.0,4.236801191415071,0,-0.3521435507345016,0.0015,0.0,0.0,0.0,0.0
1386146,Yilber Diaz,DET,P,True,5500,0.0,0.0,0.0,4.249737589424676,0,-0.29786049238514445,0.0015,0.0,0.0,0.0,0.0
658965,Jimmy Herget,COL,P,True,4000,0.0,0.0,0.0,4.891416726013561,0,-0.3521435507345016,0.0015,0.0,0.0,0.0,0.0
919291,Elvis Alvarado,ATH,P,True,4000,0.0,0.0,0.0,4.236801191415071,0,-0.3521435507345016,0.0015,0.0,0.0,0.0,0.0
737262,Gregory Soto,PIT,P,True,4000,0.0,0.0,0.0,4.250262410575324,0,-0.3521435507345016,0.0015,0.0,0.0,0.0,0.0
737372,Jonathan Loaisiga,ARI,P,True,4000,0.0,0.0,0.0,4.3879437332259,0,-0.3521435507345016,0.0015,0.0,0.0,0.0,0.0
737482,Jonathan Hernandez,LAD,P,True,4000,0.0,0.0,0.0,5.941916607319773,0,-0.3521435507345016,0.0015,0.0,0.0,0.0,0.0
658613,Drew Anderson,DET,P,True,6500,0.0,0.0,0.0,4.249737589424676,0,-0.26167178681890635,0.0015,0.0,0.0,0.0,0.0
658921,Evan Phillips,LAD,P,True,4000,0.0,0.0,0.0,5.941916607319773,0,-0.3521435507345016,0.0015,0.0,0.0,0.0,0.0
658962,Jose Cuas,KC,P,True,4000,0.0,0.0,0.0,4.763198808584929,0,-0.3521435507345016,0.0015,0.0,0.0,0.0,0.0
658964,Tyler Ferguson,CHC,P,True,4000,0.0,0.0,0.0,4.176410710056753,0,-0.3521435507345016,0.0015,0.0,0.0,0.0,0.0
709610,Sean Manaea,NYM,P,True,7800,0.0,0.0,0.0,4.05197919141227,0,-0.2146264695827968,0.0015,0.0,0.0,0.0,0.0
659056,Jacob Waguespack,DET,P,True,4000,0.0,0.0,0.0,4.249737589424676,0,-0.3521435507345016,0.0015,0.0,0.0,0.0,0.0
659284,A.J. Minter,MIN,P,True,4000,0.0,0.0,0.0,4.4066302556774195,0,-0.3521435507345016,0.0015,0.0,0.0,0.0,0.0
659551,Ranger Suarez,BOS,P,True,8300,0.0,0.0,0.0,4.6120562667741,0,-0.19653211679967775,0.0015,0.0,0.0,0.0,0.0
737018,Dennis Santana,ARI,P,True,4000,0.0,0.0,0.0,4.3879437332259,0,-0.3521435507345016,0.0015,0.0,0.0,0.0,0.0
454499,Craig Kimbrel,KC,P,True,4000,0.0,0.0,0.0,4.763198808584929,0,-0.3521435507345016,0.0015,0.0,0.0,0.0,0.0
548722,Eduardo Rodriguez,ARI,P,True,7700,0.0,0.0,0.0,4.3879437332259,0,-0.2182453401394206,0.0015,0.0,0.0,0.0,0.0
549085,Robbie Ray,SD,P,True,7800,0.0,0.0,0.0,3.9480208085877297,0,-0.2146264695827968,0.0015,0.0,0.0,0.0,0.0
549195,Wandy Peralta,SD,P,True,4000,0.0,0.0,0.0,3.9480208085877297,0,-0.3521435507345016,0.0015,0.0,0.0,0.0,0.0
551046,Tyron Guerrero,BOS,P,True,4000,0.0,0.0,0.0,4.6120562667741,0,-0.3521435507345016,0.0015,0.0,0.0,0.0,0.0
1519497,Payton Tolle,BOS,P,True,9300,0.0,0.0,0.0,4.6120562667741,0,-0.16034341123343965,0.0015,0.0,0.0,0.0,0.0
295200,Kenley Jansen,DET,P,True,4000,0.0,0.0,0.0,4.249737589424676,0,-0.3521435507345016,0.0015,0.0,0.0,0.0,0.0
392121,Chris Sale,ATL,P,True,10300,0.0,0.0,0.0,4.593369744322581,0,-0.12415470566720152,0.0015,0.0,0.0,0.0,0.0
548347,Kevin Gausman,CHC,P,True,8500,0.0,0.0,0.0,4.176410710056753,0,-0.18929437568643012,0.0015,0.0,0.0,0.0,0.0
455516,Sonny Gray,BOS,P,True,8300,0.0,0.0,0.0,4.6120562667741,0,-0.19653211679967775,0.0015,0.0,0.0,0.0,0.0
597956,Mike Clevinger,PIT,P,True,6300,0.0,0.0,0.0,4.250262410575324,0,-0.26890952793215395,0.0015,0.0,0.0,0.0,0.0
502074,Caleb Thielbar,CHC,P,True,4000,0.0,0.0,0.0,4.176410710056753,0,-0.3521435507345016,0.0015,0.0,0.0,0.0,0.0
503168,Taylor Rogers,MIN,P,True,4000,0.0,0.0,0.0,4.4066302556774195,0,-0.3521435507345016,0.0015,0.0,0.0,0.0,0.0
1453717,Kade Morris,ATH,P,True,6000,0.0,0.0,0.0,4.236801191415071,0,-0.2797661396020254,0.0015,0.0,0.0,0.0,0.0
1453739,Zac Thornton,NYM,P,True,8300,0.0,0.0,0.0,4.05197919141227,0,-0.19653211679967775,0.0015,0.0,0.0,0.0,0.0
1454109,Luis Morales,ATH,P,True,7000,0.0,0.0,0.0,4.236801191415071,0,-0.24357743403578727,0.0015,0.0,0.0,0.0,0.0
1454761,Khristian Curtis,PIT,P,True,4000,0.0,0.0,0.0,4.250262410575324,0,-0.3521435507345016,0.0015,0.0,0.0,0.0,0.0
523977,Aroldis Chapman,BOS,P,True,4000,0.0,0.0,0.0,4.6120562667741,0,-0.3521435507345016,0.0015,0.0,0.0,0.0,0.0
505235,Kirby Yates,PIT,P,True,4000,0.0,0.0,0.0,4.250262410575324,0,-0.3521435507345016,0.0015,0.0,0.0,0.0,0.0
599349,Aaron Bummer,KC,P,True,4000,0.0,0.0,0.0,4.763198808584929,0,-0.3521435507345016,0.0015,0.0,0.0,0.0,0.0
599293,Erick Fedde,CWS,P,True,6800,0.0,0.0,0.0,3.8235892899432473,0,-0.2508151751490349,0.0015,0.0,0.0,0.0,0.0
598167,Clay Holmes,CHC,P,True,8500,0.0,0.0,0.0,4.176410710056753,0,-0.18929437568643012,0.0015,0.0,0.0,0.0,0.0
500827,Robert Stock,NYM,P,True,5800,0.0,0.0,0.0,4.05197919141227,0,-0.287003880715273,0.0015,0.0,0.0,0.0,0.0
1118814,Braxton Ashcraft,PIT,P,True,8300,0.0,0.0,0.0,4.250262410575324,0,-0.19653211679967775,0.0015,0.0,0.0,0.0,0.0
1118858,Hogan Harris,ATH,P,True,4000,0.0,0.0,0.0,4.236801191415071,0,-0.3521435507345016,0.0015,0.0,0.0,0.0,0.0
1056038,Kyle Hurt,LAD,P,True,4000,0.0,0.0,0.0,5.941916607319773,0,-0.3521435507345016,0.0015,0.0,0.0,0.0,0.0
1056070,Jeff Criswell,COL,P,True,4000,0.0,0.0,0.0,4.891416726013561,0,-0.3521435507345016,0.0015,0.0,0.0,0.0,0.0
1116004,Jack Dreyer,LAD,P,True,4000,0.0,0.0,0.0,5.941916607319773,0,-0.3521435507345016,0.0015,0.0,0.0,0.0,0.0
1057500,Dedniel Nunez,NYM,P,True,4000,0.0,0.0,0.0,4.05197919141227,0,-0.3521435507345016,0.0015,0.0,0.0,0.0,0.0
1058316,Yoendrys Gomez,MIN,P,True,6000,0.0,0.0,0.0,4.4066302556774195,0,-0.2797661396020254,0.0015,0.0,0.0,0.0,0.0
1068338,Randy Dobnak,KC,P,True,6800,0.0,0.0,0.0,4.763198808584929,0,-0.2508151751490349,0.0015,0.0,0.0,0.0,0.0
1075331,Ray Kerr,ATL,P,True,4000,0.0,0.0,0.0,4.593369744322581,0,-0.3521435507345016,0.0015,0.0,0.0,0.0,0.0
1115616,Connor Thomas,KC,P,True,5800,0.0,0.0,0.0,4.763198808584929,0,-0.287003880715273,0.0015,0.0,0.0,0.0,0.0
599698,Seth Lugo,KC,P,True,6800,0.0,0.0,0.0,4.763198808584929,0,-0.2508151751490349,0.0015,0.0,0.0,0.0,0.0
1054999,Alex Lange,KC,P,True,4000,0.0,0.0,0.0,4.763198808584929,0,-0.3521435507345016,0.0015,0.0,0.0,0.0,0.0
1055199,Jeremiah Estrada,SD,P,True,4000,0.0,0.0,0.0,3.9480208085877297,0,-0.3521435507345016,0.0015,0.0,0.0,0.0,0.0
1115881,Brady Basso,ATH,P,True,4000,0.0,0.0,0.0,4.236801191415071,0,-0.3521435507345016,0.0015,0.0,0.0,0.0,0.0
1054547,Daniel Lynch IV,KC,P,True,5800,0.0,0.0,0.0,4.763198808584929,0,-0.287003880715273,0.0015,0.0,0.0,0.0,0.0
1118895,Taj Bradley,MIN,P,True,9000,0.0,0.0,0.0,4.4066302556774195,0,-0.17120002290331107,0.0015,0.0,0.0,0.0,0.0
1118891,Nolan Hoffman,KC,P,True,4000,0.0,0.0,0.0,4.763198808584929,0,-0.3521435507345016,0.0015,0.0,0.0,0.0,0.0
1118886,Ethan Roberts,CHC,P,True,6500,0.0,0.0,0.0,4.176410710056753,0,-0.26167178681890635,0.0015,0.0,0.0,0.0,0.0
1118871,Drew Rom,ATH,P,True,4000,0.0,0.0,0.0,4.236801191415071,0,-0.3521435507345016,0.0015,0.0,0.0,0.0,0.0
1218023,Marco Raya,MIN,P,True,6000,0.0,0.0,0.0,4.4066302556774195,0,-0.2797661396020254,0.0015,0.0,0.0,0.0,0.0
1217853,Luke Little,KC,P,True,4000,0.0,0.0,0.0,4.763198808584929,0,-0.3521435507345016,0.0015,0.0,0.0,0.0,0.0
1217276,Landon Knack,LAD,P,True,7000,0.0,0.0,0.0,5.941916607319773,0,-0.24357743403578727,0.0015,0.0,0.0,0.0,0.0
1054997,Nate Pearson,KC,P,True,4000,0.0,0.0,0.0,4.763198808584929,0,-0.3521435507345016,0.0015,0.0,0.0,0.0,0.0
599729,Luke Weaver,PIT,P,True,4000,0.0,0.0,0.0,4.250262410575324,0,-0.3521435507345016,0.0015,0.0,0.0,0.0,0.0
599746,Kyle Freeland,COL,P,True,5500,0.0,0.0,0.0,4.891416726013561,0,-0.29786049238514445,0.0015,0.0,0.0,0.0,0.0
621603,Matthew Boyd,CHC,P,True,8500,0.0,0.0,0.0,4.176410710056753,0,-0.18929437568643012,0.0015,0.0,0.0,0.0,0.0
1385606,Eiberson Castellano,COL,P,True,4000,0.0,0.0,0.0,4.891416726013561,0,-0.3521435507345016,0.0015,0.0,0.0,0.0,0.0
709602,Jeff Hoffman,MIN,P,True,4000,0.0,0.0,0.0,4.4066302556774195,0,-0.3521435507345016,0.0015,0.0,0.0,0.0,0.0
709548,Sean Newcomb,CWS,P,True,4000,0.0,0.0,0.0,3.8235892899432473,0,-0.3521435507345016,0.0015,0.0,0.0,0.0,0.0
708446,Kyle Finnegan,DET,P,True,4000,0.0,0.0,0.0,4.249737589424676,0,-0.3521435507345016,0.0015,0.0,0.0,0.0,0.0
828317,Enmanuel De Jesus,DET,P,True,4000,0.0,0.0,0.0,4.249737589424676,0,-0.3521435507345016,0.0015,0.0,0.0,0.0,0.0
827482,Dan Altavilla,MIN,P,True,4000,0.0,0.0,0.0,4.4066302556774195,0,-0.3521435507345016,0.0015,0.0,0.0,0.0,0.0
820039,Yuki Matsui,SD,P,True,4000,0.0,0.0,0.0,3.9480208085877297,0,-0.3521435507345016,0.0015,0.0,0.0,0.0,0.0
738470,Anthony Kay,CWS,P,True,6800,0.0,0.0,0.0,3.8235892899432473,0,-0.2508151751490349,0.0015,0.0,0.0,0.0,0.0
1118788,J.T. Ginn,ATH,P,True,7000,0.0,0.0,0.0,4.236801191415071,0,-0.24357743403578727,0.0015,0.0,0.0,0.0,0.0
738149,Tyler Kinley,ATL,P,True,4000,0.0,0.0,0.0,4.593369744322581,0,-0.3521435507345016,0.0015,0.0,0.0,0.0,0.0
737929,Zack Littell,ARI,P,True,5700,0.0,0.0,0.0,4.3879437332259,0,-0.2906227512718968,0.0015,0.0,0.0,0.0,0.0
737914,Tyler Mahle,ATL,P,True,8300,0.0,0.0,0.0,4.593369744322581,0,-0.19653211679967775,0.0015,0.0,0.0,0.0,0.0
1515284,Tyler Davis,CWS,P,True,4000,0.0,0.0,0.0,3.8235892899432473,0,-0.3521435507345016,0.0015,0.0,0.0,0.0,0.0
1514267,Jonathan Pintaro,NYM,P,True,4000,0.0,0.0,0.0,4.05197919141227,0,-0.3521435507345016,0.0015,0.0,0.0,0.0,0.0
1507944,Bradgley Rodriguez,SD,P,True,4000,0.0,0.0,0.0,3.9480208085877297,0,-0.3521435507345016,0.0015,0.0,0.0,0.0,0.0
1455163,Brandyn Garcia,ARI,P,True,4000,0.0,0.0,0.0,4.3879437332259,0,-0.3521435507345016,0.0015,0.0,0.0,0.0,0.0
1057018,Steven Cruz,KC,P,True,4000,0.0,0.0,0.0,4.763198808584929,0,-0.3521435507345016,0.0015,0.0,0.0,0.0,0.0
1118133,Brayan Bello,BOS,P,True,6800,0.0,0.0,0.0,4.6120562667741,0,-0.2508151751490349,0.0015,0.0,0.0,0.0,0.0
1118528,Casey Mize,SD,P,True,8500,0.0,0.0,0.0,3.9480208085877297,0,-0.18929437568643012,0.0015,0.0,0.0,0.0,0.0
1118568,Justin Martinez,ARI,P,True,4000,0.0,0.0,0.0,4.3879437332259,0,-0.3521435507345016,0.0015,0.0,0.0,0.0,0.0
738156,Eric Lauer,LAD,P,True,7000,0.0,0.0,0.0,5.941916607319773,0,-0.24357743403578727,0.0015,0.0,0.0,0.0,0.0
737856,Mike Tauchman,NYM,OF,False,3700,0.0,0.0,0.0,4.05197919141227,0,-0.7395268086694822,0.009028409510003674,0.0,0.0,0.0,0.0
1169610,Tyler Callihan,PIT,1B,False,3200,0.0,0.0,0.0,4.250262410575324,0,-1.4126657879062021,0.009518874241071965,0.0,0.0,0.0,0.0
1115496,Spencer Horwitz,PIT,1B,False,3500,0.0,0.0,0.0,4.250262410575324,0,-1.3070423783057847,0.009521029103547409,0.0,0.0,0.0,0.0
1115993,Spencer Torkelson,DET,1B,False,4000,0.0,0.0,0.0,4.249737589424676,0,-1.1312774099246665,0.009522011782833432,0.0,0.0,0.0,0.0
914201,Andy Ibanez,NYM,3B,False,2000,0.0,0.0,0.0,4.05197919141227,0,-1.713283334306847,0.009726762935235014,0.0,0.0,0.0,0.0
1072529,Gabriel Arias,NYM,3B,False,2600,0.0,0.0,0.0,4.05197919141227,0,-1.472139881983064,0.009731790766103546,0.0,0.0,0.0,0.0
1119450,Justin Dean,CHC,OF,False,2000,0.0,0.0,0.0,4.176410710056753,0,-1.3326337462209843,0.009805701660537245,0.0,0.0,0.0,0.0
1172704,Kevin Alcantara,CHC,OF,False,2000,0.0,0.0,0.0,4.176410710056753,0,-1.3326337462209843,0.009805701660537245,0.0,0.0,0.0,0.0
657979,Tyrone Taylor,CHC,OF,False,3000,0.0,0.0,0.0,4.176410710056753,0,-0.9343126461897674,0.009814075449157146,0.0,0.0,0.0,0.0
1056268,Chad Stevens,COL,2B,False,2000,0.0,0.0,0.0,4.891416726013561,0,-1.3265910896721962,0.009903749519283894,0.0,0.0,0.0,0.0
548385,Michael Lorenzen,COL,P,True,5500,0.0,0.0,0.0,4.891416726013561,0,-0.29786049238514445,0.0015,0.0,0.0,0.0,0.0
873680,Sean Murphy,ATL,C,False,2000,0.0,0.0,0.0,4.593369744322581,0,-0.976998035631401,0.009914924699410589,0.0,0.0,0.0,0.0
873978,Connor Wong,BOS,C,False,2500,0.0,0.0,0.0,4.6120562667741,0,-0.7456187416909654,0.010023305815289528,0.0,0.0,0.0,0.0
911908,Ha-Seong Kim,ATL,SS,False,2100,0.0,0.0,0.0,4.593369744322581,0,-1.1497418956475045,0.010164906288284498,0.0,0.0,0.0,0.0
1217735,LuJames Groover,ARI,1B,False,2000,0.0,0.0,0.0,4.3879437332259,0,-1.7632659085141456,0.010219163157701211,0.0,0.0,0.0,0.0
1316397,Tsung-Che Cheng,BOS,SS,False,2000,0.0,0.0,0.0,4.6120562667741,0,-1.179818629890812,0.010290314410762579,0.0,0.0,0.0,0.0
1056066,Trei Cruz,DET,OF,False,2000,0.0,0.0,0.0,4.249737589424676,0,-1.2831100183674493,0.01030354227642464,0.0,0.0,0.0,0.0
1055146,Johnathan Rodriguez,PIT,OF,False,2000,0.0,0.0,0.0,4.250262410575324,0,-1.2827555630836496,0.010307195068763902,0.0,0.0,0.0,0.0
1216738,Robert Hassell III,PIT,OF,False,2000,0.0,0.0,0.0,4.250262410575324,0,-1.2827555630836496,0.010307195068763902,0.0,0.0,0.0,0.0
1318285,Billy Cook,PIT,OF,False,2100,0.0,0.0,0.0,4.250262410575324,0,-1.242923453080528,0.010308074935659285,0.0,0.0,0.0,0.0
913274,Corey Julks,DET,OF,False,2600,0.0,0.0,0.0,4.249737589424676,0,-1.044117358348719,0.01030882073325549,0.0,0.0,0.0,0.0
1318706,Ben Malgeri,DET,OF,False,2700,0.0,0.0,0.0,4.249737589424676,0,-1.0042852483455975,0.010309700738924642,0.0,0.0,0.0,0.0
1170903,Ryan Ritter,COL,2B,False,2000,0.0,0.0,0.0,4.891416726013561,0,-1.3265910896721962,0.009903749519283894,0.0,0.0,0.0,0.0
1318246,Tristan Peters,CWS,OF,False,2900,0.0,0.0,0.0,3.8235892899432473,0,-1.212434345784268,0.007732580802609448,0.0,0.0,0.0,0.0
738659,Andrew Benintendi,CWS,OF,False,3600,0.0,0.0,0.0,3.8235892899432473,0,-0.9336095757624162,0.007737202592633066,0.0,0.0,0.0,0.0
657963,Carson Kelly,CHC,C,False,3600,0.0,0.0,0.0,4.176410710056753,0,-0.5018780549956292,0.00787377134831027,0.0,0.0,0.0,0.0
1169639,Darell Hernaiz,ATH,SS,False,2000,0.0,0.0,0.0,4.236801191415071,0,-1.4278825583680044,0.008029635831096426,0.0,0.0,0.0,0.0
1055877,Alika Williams,ATH,SS,False,2300,0.0,0.0,0.0,4.236801191415071,0,-1.300593945452963,0.008031826462312232,0.0,0.0,0.0,0.0
1397412,Jack Brannigan,PIT,SS,False,2000,0.0,0.0,0.0,4.250262410575324,0,-1.4189839634488284,0.00810140716612404,0.0,0.0,0.0,0.0
1452088,Jacob Gonzalez,PIT,SS,False,2800,0.0,0.0,0.0,4.250262410575324,0,-1.079547662342051,0.008107302404163762,0.0,0.0,0.0,0.0
737843,Jonah Heim,ATH,C,False,3700,0.0,0.0,0.0,4.236801191415071,0,-0.4240771870505989,0.00814363403108316,0.0,0.0,0.0,0.0
1389258,Thayron Liranzo,DET,C,False,2000,0.0,0.0,0.0,4.249737589424676,0,-1.1682142644232016,0.008189271455517668,0.0,0.0,0.0,0.0
1120574,Eduardo Valencia,DET,C,False,4600,0.0,0.0,0.0,4.249737589424676,0,-0.019112734511335813,0.008209462702777894,0.0,0.0,0.0,0.0
1396926,Nick Morabito,NYM,OF,False,2000,0.0,0.0,0.0,4.05197919141227,0,-1.4166726787225505,0.009015317598942744,0.0,0.0,0.0,0.0
874219,Austin Hays,SD,OF,False,2600,0.0,0.0,0.0,3.9480208085877297,0,-1.2478917432920664,0.008408352236165836,0.0,0.0,0.0,0.0
1454910,Kristian Campbell,BOS,2B,False,2000,0.0,0.0,0.0,4.6120562667741,0,-1.4783846671651404,0.00850896103225711,0.0,0.0,0.0,0.0
1119472,Romy Gonzalez,BOS,2B,False,2900,0.0,0.0,0.0,4.6120562667741,0,-1.0573331318319463,0.008516642290648543,0.0,0.0,0.0,0.0
1118773,Anthony Seigler,BOS,2B,False,3200,0.0,0.0,0.0,4.6120562667741,0,-0.9169826200542149,0.008519204250707771,0.0,0.0,0.0,0.0
1055317,Eric Wagaman,NYM,1B,False,2000,0.0,0.0,0.0,4.05197919141227,0,-1.9386976395575741,0.008574845432897323,0.0,0.0,0.0,0.0
1119984,Adrian Del Castillo,ARI,C,False,3000,0.0,0.0,0.0,4.3879437332259,0,-0.6493464776973314,0.008852303685416316,0.0,0.0,0.0,0.0
577015,James McCann,ARI,C,False,3100,0.0,0.0,0.0,4.3879437332259,0,-0.6051502650084135,0.008853142153546576,0.0,0.0,0.0,0.0
737618,Victor Caratini,MIN,C,False,2900,0.0,0.0,0.0,4.4066302556774195,0,-0.683144459890403,0.008943985060364982,0.0,0.0,0.0,0.0
829756,Tristan Gray,MIN,SS,False,2000,0.0,0.0,0.0,4.4066302556774195,0,-1.3156163490163602,0.008983642154635485,0.0,0.0,0.0,0.0
918988,Ryan Kreidler,MIN,SS,False,2900,0.0,0.0,0.0,4.4066302556774195,0,-0.9337505102712357,0.0089909968654316,0.0,0.0,0.0,0.0
916722,Cristian Pache,NYM,OF,False,2000,0.0,0.0,0.0,4.05197919141227,0,-1.4166726787225505,0.009015317598942744,0.0,0.0,0.0,0.0
1169910,Jase Bowen,SD,OF,False,2300,0.0,0.0,0.0,3.9480208085877297,0,-1.3673880733014314,0.008406199283451495,0.0,0.0,0.0,0.0
874807,Jahmai Jones,BOS,OF,False,2300,0.0,0.0,0.0,4.6120562667741,0,-0.9189098126718794,0.013163498107543456,0.0,0.0,0.0,0.0
1118975,Jarren Duran,BOS,OF,False,3700,0.0,0.0,0.0,4.6120562667741,0,-0.361260272628176,0.013179238545981678,0.0,0.0,0.0,0.0
1169598,Matthew Lugo,KC,OF,False,2000,0.0,0.0,0.0,4.763198808584929,0,-0.9363270391894163,0.014574460638580299,0.0,0.0,0.0,0.0
503030,Starling Marte,KC,OF,False,2700,0.0,0.0,0.0,4.763198808584929,0,-0.6575022691675645,0.014583171843609835,0.0,0.0,0.0,0.0
918890,John Rave,KC,OF,False,3200,0.0,0.0,0.0,4.763198808584929,0,-0.45834171915195626,0.014589397320521192,0.0,0.0,0.0,0.0
1318250,Brett Harris,BOS,3B,False,2000,0.0,0.0,0.0,4.6120562667741,0,-1.295243143576357,0.014774775114409897,0.0,0.0,0.0,0.0
1217825,Sterlin Thompson,COL,OF,False,3000,0.0,0.0,0.0,4.891416726013561,0,-0.45140973728218853,0.015906383942415555,0.0,0.0,0.0,0.0
1216737,Zac Veen,COL,OF,False,3300,0.0,0.0,0.0,4.891416726013561,0,-0.3319134072728235,0.0159104578040181,0.0,0.0,0.0,0.0
1169994,Troy Johnston,COL,OF,False,3500,0.0,0.0,0.0,4.891416726013561,0,-0.25224918726658013,0.015913174291390293,0.0,0.0,0.0,0.0
917920,Mickey Moniak,COL,OF,False,5400,0.0,0.0,0.0,4.891416726013561,0,0.5045609027927317,0.01593900406474929,0.0,0.0,0.0,0.0
1389151,Jhostynxon Garcia,PIT,OF,False,2500,0.0,0.0,0.0,4.250262410575324,0,-1.0835950130680414,0.010311595154397502,0.0,0.0,0.0,0.0
1175953,Nick Loftin,KC,3B,False,3100,0.0,0.0,0.0,4.763198808584929,0,-0.7403343822677467,0.01655488446883324,0.0,0.0,0.0,0.0
1397420,Alex Freeland,LAD,2B,False,2000,0.0,0.0,0.0,5.941916607319773,0,-0.755790427425652,0.017526501152118228,0.0,0.0,0.0,0.0
918685,Tyler Fitzgerald,LAD,2B,False,2000,0.0,0.0,0.0,5.941916607319773,0,-0.755790427425652,0.017526501152118228,0.0,0.0,0.0,0.0
976571,Hyeseong Kim,LAD,2B,False,3000,0.0,0.0,0.0,5.941916607319773,0,-0.2879553881665475,0.01754408161600244,0.0,0.0,0.0,0.0
1053800,Eliezer Alfonzo,LAD,C,False,2000,0.0,0.0,0.0,5.941916607319773,0,-0.22659082892529814,0.020998444720156974,0.0,0.0,0.0,0.0
918471,Chuckie Robinson,LAD,C,False,2000,0.0,0.0,0.0,5.941916607319773,0,-0.22659082892529814,0.020998444720156974,0.0,0.0,0.0,0.0
917942,Ben Rortvedt,LAD,C,False,2700,0.0,0.0,0.0,5.941916607319773,0,0.08278265989712734,0.021012371119121867,0.0,0.0,0.0,0.0
501542,Kike Hernandez,LAD,1B,False,3800,0.0,0.0,0.0,5.941916607319773,0,-0.3180822259059258,0.023036180314500797,0.0,0.0,0.0,0.0
455627,Miguel Rojas,LAD,SS,False,3300,0.0,0.0,0.0,5.941916607319773,0,0.25087506921282765,0.024816155321949966,0.0,0.0,0.0,0.0
1169792,Ryan Ward,LAD,OF,False,2000,0.0,0.0,0.0,5.941916607319773,0,-0.1402410747538682,0.032309350905781624,0.0,0.0,0.0,0.0
913343,Alex Call,LAD,OF,False,3100,0.0,0.0,0.0,5.941916607319773,0,0.2979121352804702,0.032339702588594296,0.0,0.0,0.0,0.0
913302,Josh Rojas,KC,3B,False,2200,0.0,0.0,0.0,4.763198808584929,0,-1.102049560753421,0.016542056756609178,0.0,0.0,0.0,0.0
1124623,Ronny Simon,PIT,OF,False,2900,0.0,0.0,0.0,4.250262410575324,0,-0.9242665730555546,0.010315116575294223,0.0,0.0,0.0,0.0
917318,Oneil Cruz,PIT,OF,False,5200,0.0,0.0,0.0,4.250262410575324,0,-0.008128042983756176,0.010335388095428675,0.0,0.0,0.0,0.0
503535,Luke Maile,KC,C,False,2100,0.0,0.0,0.0,4.763198808584929,0,-0.8382993942709442,0.010898643250125472,0.0,0.0,0.0,0.0
1316799,Max Muncy,ATH,3B,False,2800,0.0,0.0,0.0,4.236801191415071,0,-1.2538080320436327,0.011173231601868438,0.0,0.0,0.0,0.0
1396134,Jace Jung,DET,3B,False,2000,0.0,0.0,0.0,4.249737589424676,0,-1.56567693857952,0.011273868746949186,0.0,0.0,0.0,0.0
1065315,Jorge Barrosa,ARI,OF,False,2300,0.0,0.0,0.0,4.3879437332259,0,-1.0702716081782413,0.01131450927486246,0.0,0.0,0.0,0.0
1310281,Jordan Lawlar,ARI,OF,False,3000,0.0,0.0,0.0,4.3879437332259,0,-0.7914468381563894,0.011321271995799178,0.0,0.0,0.0,0.0
1054524,Lars Nootbaar,ARI,OF,False,3300,0.0,0.0,0.0,4.3879437332259,0,-0.6719505081470244,0.011324171542009218,0.0,0.0,0.0,0.0
549507,Max Kepler,ARI,OF,False,3500,0.0,0.0,0.0,4.3879437332259,0,-0.5922862881407811,0.011326104985369134,0.0,0.0,0.0,0.0
1169904,Tyler Tolbert,KC,SS,False,3100,0.0,0.0,0.0,4.763198808584929,0,-0.6131803099123894,0.011382950975086629,0.0,0.0,0.0,0.0
737502,Dominic Smith,ATL,1B,False,3000,0.0,0.0,0.0,4.593369744322581,0,-1.3039198876544873,0.011384891791312066,0.0,0.0,0.0,0.0
1116007,Nate Eaton,BOS,OF,False,2000,0.0,0.0,0.0,4.6120562667741,0,-1.0384061426812445,0.013160127603051621,0.0,0.0,0.0,0.0
1299851,Emmanuel Rodriguez,MIN,OF,False,2000,0.0,0.0,0.0,4.4066302556774195,0,-1.1771473785729716,0.011455275728988615,0.0,0.0,0.0,0.0
1372652,Gabriel Gonzalez,MIN,OF,False,2000,0.0,0.0,0.0,4.4066302556774195,0,-1.1771473785729716,0.011455275728988615,0.0,0.0,0.0,0.0
918808,Matt Wallner,MIN,OF,False,2700,0.0,0.0,0.0,4.4066302556774195,0,-0.8983226085511198,0.01146212258651698,0.0,0.0,0.0,0.0
876177,Trevor Larnach,MIN,OF,False,3700,0.0,0.0,0.0,4.4066302556774195,0,-0.500001508519903,0.011471910911207823,0.0,0.0,0.0,0.0
1318216,Braxton Fulford,COL,C,False,3200,0.0,0.0,0.0,4.891416726013561,0,-0.2807934049319402,0.011716847953308799,0.0,0.0,0.0,0.0
857232,Brett Sullivan,COL,C,False,3400,0.0,0.0,0.0,4.891416726013561,0,-0.19240097955410435,0.011719067639665506,0.0,0.0,0.0,0.0
1299987,Jose Fernandez,ARI,3B,False,3300,0.0,0.0,0.0,4.3879437332259,0,-0.9400427230588054,0.01251294812974897,0.0,0.0,0.0,0.0
1053260,DaShawn Keirsey Jr.,ATL,OF,False,2000,0.0,0.0,0.0,4.593369744322581,0,-1.0510267022958786,0.012995083095787277,0.0,0.0,0.0,0.0
548493,Ben Gamel,ATL,OF,False,2000,0.0,0.0,0.0,4.593369744322581,0,-1.0510267022958786,0.012995083095787277,0.0,0.0,0.0,0.0
1055214,Brewer Hicklen,ATL,OF,False,2600,0.0,0.0,0.0,4.593369744322581,0,-0.8120340422771486,0.01300174041647312,0.0,0.0,0.0,0.0
828962,Lane Thomas,ATL,OF,False,3500,0.0,0.0,0.0,4.593369744322581,0,-0.45354505224905356,0.013011732792762453,0.0,0.0,0.0,0.0
1328776,Hendry Mendez,MIN,OF,False,2000,0.0,0.0,0.0,4.4066302556774195,0,-1.1771473785729716,0.011455275728988615,0.0,0.0,0.0,0.0
875188,Jovani Moran,BOS,P,True,4000,0.0,0.0,0.0,4.6120562667741,0,-0.3521435507345016,0.0015,0.0,0.0,0.0,0.0
875068,Tyler Gilbert,CWS,P,True,4000,0.0,0.0,0.0,3.8235892899432473,0,-0.3521435507345016,0.0015,0.0,0.0,0.0,0.0
916962,Jhony Brito,SD,P,True,6400,0.0,0.0,0.0,3.9480208085877297,0,-0.26529065737553015,0.0015,0.0,0.0,0.0,0.0
874984,Bryan Hudson,CWS,P,True,4000,0.0,0.0,0.0,3.8235892899432473,0,-0.3521435507345016,0.0015,0.0,0.0,0.0,0.0
874810,Taylor Clarke,ARI,P,True,4000,0.0,0.0,0.0,4.3879437332259,0,-0.3521435507345016,0.0015,0.0,0.0,0.0,0.0
874808,Tanner Rainey,DET,P,True,4000,0.0,0.0,0.0,4.249737589424676,0,-0.3521435507345016,0.0015,0.0,0.0,0.0,0.0
874715,Michael Soroka,ARI,P,True,7700,0.0,0.0,0.0,4.3879437332259,0,-0.2182453401394206,0.0015,0.0,0.0,0.0,0.0
915701,Tyler Holton,DET,P,True,4000,0.0,0.0,0.0,4.249737589424676,0,-0.3521435507345016,0.0015,0.0,0.0,0.0,0.0
915667,Isaac Mattson,PIT,P,True,4000,0.0,0.0,0.0,4.250262410575324,0,-0.3521435507345016,0.0015,0.0,0.0,0.0,0.0
915662,James Karinchak,ATL,P,True,4000,0.0,0.0,0.0,4.593369744322581,0,-0.3521435507345016,0.0015,0.0,0.0,0.0,0.0
1455156,Rikuu Nishida,CWS,OF,False,2000,0.0,0.0,0.0,3.8235892899432473,0,-1.570923335812363,0.007726642557619486,0.0,0.0,0.0,0.0
877364,Daniel Duarte,NYM,P,True,4000,0.0,0.0,0.0,4.05197919141227,0,-0.3521435507345016,0.0015,0.0,0.0,0.0,0.0
876350,Dean Kremer,MIN,P,True,7000,0.0,0.0,0.0,4.4066302556774195,0,-0.24357743403578727,0.0015,0.0,0.0,0.0,0.0
875811,Ryan Feltner,COL,P,True,5500,0.0,0.0,0.0,4.891416726013561,0,-0.29786049238514445,0.0015,0.0,0.0,0.0,0.0
875337,Patrick Sandoval,BOS,P,True,6800,0.0,0.0,0.0,4.6120562667741,0,-0.2508151751490349,0.0015,0.0,0.0,0.0,0.0
658557,Matt Strahm,KC,P,True,4000,0.0,0.0,0.0,4.763198808584929,0,-0.3521435507345016,0.0015,0.0,0.0,0.0,0.0
657938,Edwin Diaz,LAD,P,True,4000,0.0,0.0,0.0,5.941916607319773,0,-0.3521435507345016,0.0015,0.0,0.0,0.0,0.0
621681,Brent Suter,ATL,P,True,4000,0.0,0.0,0.0,4.593369744322581,0,-0.3521435507345016,0.0015,0.0,0.0,0.0,0.0
1119233,Carlos Duran,KC,P,True,4000,0.0,0.0,0.0,4.763198808584929,0,-0.3521435507345016,0.0015,0.0,0.0,0.0,0.0
1120013,Mason Montgomery,PIT,P,True,4000,0.0,0.0,0.0,4.250262410575324,0,-0.3521435507345016,0.0015,0.0,0.0,0.0,0.0
1120033,Jack Perkins,ATH,P,True,6000,0.0,0.0,0.0,4.236801191415071,0,-0.2797661396020254,0.0015,0.0,0.0,0.0,0.0
1120097,Jack Anderson,MIN,P,True,7000,0.0,0.0,0.0,4.4066302556774195,0,-0.24357743403578727,0.0015,0.0,0.0,0.0,0.0
879512,Jose Urquidy,CWS,P,True,5800,0.0,0.0,0.0,3.8235892899432473,0,-0.287003880715273,0.0015,0.0,0.0,0.0,0.0
918975,Ryan Zeferjahn,CHC,P,True,4000,0.0,0.0,0.0,4.176410710056753,0,-0.3521435507345016,0.0015,0.0,0.0,0.0,0.0
1322830,Shane Smith,CWS,P,True,6800,0.0,0.0,0.0,3.8235892899432473,0,-0.2508151751490349,0.0015,0.0,0.0,0.0,0.0
1053878,Keider Montero,DET,P,True,7100,0.0,0.0,0.0,4.249737589424676,0,-0.23995856347916347,0.0015,0.0,0.0,0.0,0.0
1053719,Gerardo Carrillo,ARI,P,True,5700,0.0,0.0,0.0,4.3879437332259,0,-0.2906227512718968,0.0015,0.0,0.0,0.0,0.0
976573,Woo Suk Go,MIN,P,True,4000,0.0,0.0,0.0,4.4066302556774195,0,-0.3521435507345016,0.0015,0.0,0.0,0.0,0.0
969448,Yoshinobu Yamamoto,LAD,P,True,10000,0.0,0.0,0.0,5.941916607319773,0,-0.13501131733707294,0.0015,0.0,0.0,0.0,0.0
969093,Adrian Morejon,SD,P,True,4000,0.0,0.0,0.0,3.9480208085877297,0,-0.3521435507345016,0.0015,0.0,0.0,0.0,0.0
1055775,Tarik Skubal,LAD,P,True,10000,0.0,0.0,0.0,5.941916607319773,0,-0.13501131733707294,0.0015,0.0,0.0,0.0,0.0
1311161,Bubba Chandler,PIT,P,True,6300,0.0,0.0,0.0,4.250262410575324,0,-0.26890952793215395,0.0015,0.0,0.0,0.0,0.0
875019,Jordan Hicks,CWS,P,True,4000,0.0,0.0,0.0,3.8235892899432473,0,-0.3521435507345016,0.0015,0.0,0.0,0.0,0.0
875200,Danny Young,ATL,P,True,4000,0.0,0.0,0.0,4.593369744322581,0,-0.3521435507345016,0.0015,0.0,0.0,0.0,0.0
828695,Scott Blewett,ATH,P,True,4000,0.0,0.0,0.0,4.236801191415071,0,-0.3521435507345016,0.0015,0.0,0.0,0.0,0.0
828669,Grant Holmes,ATL,P,True,7300,0.0,0.0,0.0,4.593369744322581,0,-0.23272082236591585,0.0015,0.0,0.0,0.0,0.0
828460,Jefry Yan,NYM,P,True,4000,0.0,0.0,0.0,4.05197919141227,0,-0.3521435507345016,0.0015,0.0,0.0,0.0,0.0
874220,Michael King,SD,P,True,7800,0.0,0.0,0.0,3.9480208085877297,0,-0.2146264695827968,0.0015,0.0,0.0,0.0,0.0
874216,Aaron Civale,CHC,P,True,6500,0.0,0.0,0.0,4.176410710056753,0,-0.26167178681890635,0.0015,0.0,0.0,0.0,0.0
873283,Parker Mushinski,COL,P,True,4000,0.0,0.0,0.0,4.891416726013561,0,-0.3521435507345016,0.0015,0.0,0.0,0.0,0.0
872722,Lucas Erceg,KC,P,True,4000,0.0,0.0,0.0,4.763198808584929,0,-0.3521435507345016,0.0015,0.0,0.0,0.0,0.0
857695,Trent Thornton,CHC,P,True,4000,0.0,0.0,0.0,4.176410710056753,0,-0.3521435507345016,0.0015,0.0,0.0,0.0,0.0
830702,Raisel Iglesias,ATL,P,True,4000,0.0,0.0,0.0,4.593369744322581,0,-0.3521435507345016,0.0015,0.0,0.0,0.0,0.0
829807,Griffin Canning,SD,P,True,6500,0.0,0.0,0.0,3.9480208085877297,0,-0.26167178681890635,0.0015,0.0,0.0,0.0,0.0
829588,David Peterson,CHC,P,True,7500,0.0,0.0,0.0,4.176410710056753,0,-0.22548308125266825,0.0015,0.0,0.0,0.0,0.0
829027,Tanner Scott,LAD,P,True,4000,0.0,0.0,0.0,5.941916607319773,0,-0.3521435507345016,0.0015,0.0,0.0,0.0,0.0
1119494,Evan Sisk,PIT,P,True,4000,0.0,0.0,0.0,4.250262410575324,0,-0.3521435507345016,0.0015,0.0,0.0,0.0,0.0
1119790,Jacob Lopez,ATH,P,True,6000,0.0,0.0,0.0,4.236801191415071,0,-0.2797661396020254,0.0015,0.0,0.0,0.0,0.0
1119988,Seth Halvorsen,LAD,P,True,4000,0.0,0.0,0.0,5.941916607319773,0,-0.3521435507345016,0.0015,0.0,0.0,0.0,0.0
1055335,Gage Workman,SD,2B,False,2000,0.0,0.0,0.0,3.9480208085877297,0,-1.8391956353840722,0.005931688309890293,0.0,0.0,0.0,0.0
1318721,Will Wagner,SD,2B,False,2000,0.0,0.0,0.0,3.9480208085877297,0,-1.8391956353840722,0.005931688309890293,0.0,0.0,0.0,0.0
1316789,Colson Montgomery,CWS,SS,False,4300,0.0,0.0,0.0,3.8235892899432473,0,-0.7251586389502984,0.00612314008643732,0.0,0.0,0.0,0.0
737529,Christian Arroyo,NYM,2B,False,2000,0.0,0.0,0.0,4.05197919141227,0,-1.782708704906228,0.0062763952413715796,0.0,0.0,0.0,0.0
1169583,Brett Baty,NYM,2B,False,3000,0.0,0.0,0.0,4.05197919141227,0,-1.3148736656471234,0.006282690961145098,0.0,0.0,0.0,0.0
1303804,Edgar Quero,CWS,C,False,2000,0.0,0.0,0.0,3.8235892899432473,0,-1.405347110029829,0.0064604055401126965,0.0,0.0,0.0,0.0
1216999,Drew Romo,CWS,C,False,2200,0.0,0.0,0.0,3.8235892899432473,0,-1.316954684651993,0.006461629425076757,0.0,0.0,0.0,0.0
1120575,Blas Castano,COL,P,True,4000,0.0,0.0,0.0,4.891416726013561,0,-0.3521435507345016,0.0015,0.0,0.0,0.0,0.0
1055197,Mason McCoy,SD,SS,False,2000,0.0,0.0,0.0,3.9480208085877297,0,-1.6187820316469717,0.006634210712984579,0.0,0.0,0.0,0.0
911914,Sung-Mun Song,SD,SS,False,2200,0.0,0.0,0.0,3.9480208085877297,0,-1.5339229563702774,0.006635417280642165,0.0,0.0,0.0,0.0
1316944,James Triantos,CHC,2B,False,2000,0.0,0.0,0.0,4.176410710056753,0,-1.7150974709494007,0.006715424492110217,0.0,0.0,0.0,0.0
1055060,Blake Hunt,SD,C,False,2000,0.0,0.0,0.0,3.9480208085877297,0,-1.3361064251902404,0.006923578621346611,0.0,0.0,0.0,0.0
877500,Rodolfo Duran,SD,C,False,2000,0.0,0.0,0.0,3.9480208085877297,0,-1.3361064251902404,0.006923578621346611,0.0,0.0,0.0,0.0
918173,Freddy Fermin,SD,C,False,2400,0.0,0.0,0.0,3.9480208085877297,0,-1.1593215744345686,0.006926202130462819,0.0,0.0,0.0,0.0
1120948,Ronny Mauricio,NYM,SS,False,2000,0.0,0.0,0.0,4.05197919141227,0,-1.5500599102554937,0.0071061586531512315,0.0,0.0,0.0,0.0
1448934,Shawn Ross,NYM,C,False,2000,0.0,0.0,0.0,4.05197919141227,0,-1.2782581428579047,0.007335907017883064,0.0,0.0,0.0,0.0
1119716,Hayden Senger,NYM,C,False,2000,0.0,0.0,0.0,4.05197919141227,0,-1.2782581428579047,0.007335907017883064,0.0,0.0,0.0,0.0
739618,Luis Torrens,NYM,C,False,2600,0.0,0.0,0.0,4.05197919141227,0,-1.0130808667243971,0.007340077038124676,0.0,0.0,0.0,0.0
1118383,Junior Perez,CWS,OF,False,2000,0.0,0.0,0.0,3.8235892899432473,0,-1.570923335812363,0.007726642557619486,0.0,0.0,0.0,0.0
601042,Eric Haase,CWS,C,False,2800,0.0,0.0,0.0,3.8235892899432473,0,-1.0517774085184854,0.0064653024712904945,0.0,0.0,0.0,0.0
917993,Lake Bachar,PIT,P,True,6300,0.0,0.0,0.0,4.250262410575324,0,-0.26890952793215395,0.0015,0.0,0.0,0.0,0.0
918088,Tobias Myers,NYM,P,True,5800,0.0,0.0,0.0,4.05197919141227,0,-0.287003880715273,0.0015,0.0,0.0,0.0,0.0
918185,Dylan Lee,ATL,P,True,4000,0.0,0.0,0.0,4.593369744322581,0,-0.3521435507345016,0.0015,0.0,0.0,0.0,0.0
1118989,Joey Gerber,NYM,P,True,4000,0.0,0.0,0.0,4.05197919141227,0,-0.3521435507345016,0.0015,0.0,0.0,0.0,0.0
829213,Kevin Ginkel,ARI,P,True,4000,0.0,0.0,0.0,4.3879437332259,0,-0.3521435507345016,0.0015,0.0,0.0,0.0,0.0
1119356,Antoine Kelly,CHC,P,True,4000,0.0,0.0,0.0,4.176410710056753,0,-0.3521435507345016,0.0015,0.0,0.0,0.0,0.0
1119425,Kody Funderburk,MIN,P,True,4000,0.0,0.0,0.0,4.4066302556774195,0,-0.3521435507345016,0.0015,0.0,0.0,0.0,0.0
1119454,Alex Vesia,LAD,P,True,4000,0.0,0.0,0.0,5.941916607319773,0,-0.3521435507345016,0.0015,0.0,0.0,0.0,0.0
915788,Charlie Barnes,LAD,P,True,4000,0.0,0.0,0.0,5.941916607319773,0,-0.3521435507345016,0.0015,0.0,0.0,0.0,0.0
915817,Sean Guenther,DET,P,True,4000,0.0,0.0,0.0,4.249737589424676,0,-0.3521435507345016,0.0015,0.0,0.0,0.0,0.0
916835,Camilo Doval,PIT,P,True,4000,0.0,0.0,0.0,4.250262410575324,0,-0.3521435507345016,0.0015,0.0,0.0,0.0,0.0
1170017,Joey Estes,ATH,P,True,6000,0.0,0.0,0.0,4.236801191415071,0,-0.2797661396020254,0.0015,0.0,0.0,0.0,0.0
1119955,Ty Madden,DET,P,True,5500,0.0,0.0,0.0,4.249737589424676,0,-0.29786049238514445,0.0015,0.0,0.0,0.0,0.0
829155,Jordan Romano,COL,P,True,4000,0.0,0.0,0.0,4.891416726013561,0,-0.3521435507345016,0.0015,0.0,0.0,0.0,0.0
829328,Jacob Webb,CHC,P,True,4000,0.0,0.0,0.0,4.176410710056753,0,-0.3521435507345016,0.0015,0.0,0.0,0.0,0.0
829409,Brennan Bernardino,COL,P,True,4000,0.0,0.0,0.0,4.891416726013561,0,-0.3521435507345016,0.0015,0.0,0.0,0.0,0.0
1122217,Randy Vasquez,SD,P,True,5900,0.0,0.0,0.0,3.9480208085877297,0,-0.2833850101586492,0.0015,0.0,0.0,0.0,0.0
1159734,Xzavion Curry,NYM,P,True,5800,0.0,0.0,0.0,4.05197919141227,0,-0.287003880715273,0.0015,0.0,0.0,0.0,0.0
1159902,Erik Miller,BOS,P,True,4000,0.0,0.0,0.0,4.6120562667741,0,-0.3521435507345016,0.0015,0.0,0.0,0.0,0.0
1169574,Seth Johnson,ATH,P,True,6000,0.0,0.0,0.0,4.236801191415071,0,-0.2797661396020254,0.0015,0.0,0.0,0.0,0.0
1169822,Sawyer Gipson-Long,DET,P,True,5500,0.0,0.0,0.0,4.249737589424676,0,-0.29786049238514445,0.0015,0.0,0.0,0.0,0.0
1169837,Tanner Gordon,COL,P,True,5500,0.0,0.0,0.0,4.891416726013561,0,-0.29786049238514445,0.0015,0.0,0.0,0.0,0.0
1169887,Kade Strowd,ARI,P,True,4000,0.0,0.0,0.0,4.3879437332259,0,-0.3521435507345016,0.0015,0.0,0.0,0.0,0.0
917772,Juan Morillo,ARI,P,True,4000,0.0,0.0,0.0,4.3879437332259,0,-0.3521435507345016,0.0015,0.0,0.0,0.0,0.0
